opening,count,avg_cpl,top1_pct
Kings Gambit Declined Queens Knight Defense 3.Nf3,12249,199.21773205975998,41.82382235284513
Kings Gambit Accepted Kings Knight Gambit,6780,209.38289085545722,40.9882005899705
Scandinavian Defense 2.e5,6116,209.27141922825376,37.13211249182472
Italian Game,5760,253.18854166666668,40.38194444444444
Caro Kann Defense 2.f4 d5 3.e5,5556,167.9483441324694,37.3110151187905
Kings Pawn Opening 1...e5,4549,312.26709166849855,37.23895361617938
Reti Opening Kingside Fianchetto Variation 2.e4 Bg7,4454,175.09923664122138,34.46340368208352
Kings Gambit 2...d6 3.Nf3,4423,186.63983721456026,35.74496947773005
Old Benoni Defense,4391,221.65953085857436,36.93919380551127
French Defense La Bourdonnais Variation,4351,203.7458055619398,36.1066421512296
Old Benoni Defense 2.dxc5,4185,231.05400238948627,35.842293906810035
Kings Pawn Opening Kings Knight Variation,3185,264.02574568288856,40.470957613814754
Modern Defense with 1 e4 2.d4 Bg7,3120,189.2176282051282,36.73076923076923
Kings Gambit Accepted Fischer Defense 4.d4,2648,190.5015105740181,40.25679758308157
Three Knights Opening 3...Bc5,2575,214.78912621359223,36.85436893203883
Owens Defense,2477,202.36899475171577,37.424303593056116
Petrovs Defense,2477,263.29390391602743,37.3031893419459
Sicilian Defense McDonnell Attack 2...Nc6 3.Nf3 e6,2343,152.70422535211267,38.028169014084504
Modern Defense with 1 e4,2253,181.0341766533511,35.19751442521083
Van t Kruijs Opening 1...e5,2231,216.44509188704617,35.051546391752574
Kings Gambit,2185,268.8732265446224,37.20823798627002
Bishops Opening 2...Nc6,2164,226.5573012939002,35.07393715341959
Sicilian Defense McDonnell Attack 2...d6 3.Nf3 Nc6,2023,148.93425605536333,39.59466139396935
Giuoco Piano Game Giuoco Pianissimo Variation 4...Nf6,2020,269.3331683168317,40.04950495049505
Kings Pawn Opening Leonardis Variation,2002,251.35914085914087,35.064935064935064
Italian Game Knight Attack Normal Variation 5.exd5,1989,296.60432378079435,50.52790346907994
Modern Defense Three Pawns Attack 3...d6 4.Nf3,1846,134.2643553629469,36.6738894907909
Petrovs Defense Classical Variation,1842,237.52768729641693,36.644951140065146
Modern Defense with 1 e4 2.d4 Bg7 3.Nf3,1792,207.59375,35.267857142857146
French Defense La Bourdonnais Variation 2...d5 3.e5 c5,1790,208.63072625698325,34.41340782122905
Modern Defense with 1 e4 2.Bc4 Bg7,1710,170.3093567251462,31.929824561403507
Scandinavian Defense,1707,216.94258933801993,36.1452841241945
Modern Defense Standard Two Knights Variation 4...Nd7,1693,200.97105729474305,32.95924394565859
Kings Gambit Accepted Modern Defense,1616,177.83601485148515,39.851485148514854
French Defense La Bourdonnais Variation...3.e5 c5 4.Nf3 Nc6 5.c3,1578,168.74778200253485,38.27629911280101
Modern Defense Standard Two Knights Variation 4...Nd7 5.Bc4,1576,223.16116751269035,34.263959390862944
Modern Defense with 1 e4 2.d3 Bg7,1482,229.54925775978407,30.701754385964914
Van t Kruijs Opening 1...g6,1474,167.81275440976933,33.242876526458616
French Defense La Bourdonnais Variation 2...d5 3.e5,1473,160.90631364562117,38.96809232858113
Center Game Accepted Normal Variation,1460,272.2958904109589,37.80821917808219
Philidor Defense 3.Bc4,1459,294.3742289239205,39.89033584647019
Modern Defense with 1 e4 2.d4 Bg7 3.Nf3 d6,1455,185.1621993127148,34.63917525773196
Kings Gambit Declined Falkbeer Countergambit Accepted,1445,188.25121107266435,45.536332179930795
French Defense Knight Variation,1440,213.59722222222223,33.68055555555556
Petrovs Defense Three Knights Game,1426,288.70126227208976,32.889200561009815
Kings Pawn Opening,1421,305.2280084447572,35.045742434904994
Ruy Lopez Opening Old Steinitz Defense,1396,190.0093123209169,37.96561604584527
Modern Defense Bishop Attack 3...d6 4.Nf3,1366,158.9670571010249,33.74816983894583
Modern Defense with 1 d4,1314,249.10502283105023,32.57229832572298
Modern Defense Three Pawns Attack with 2 f4...Bg7 3.Nf3,1301,137.5641813989239,36.1260568793236
Scandinavian Defense Mieses Kotrc Variation 3.Nc3,1292,249.28560371517028,41.48606811145511
Modern Defense with 1 e4 2.Nc3 Bg7,1181,239.77222692633362,28.958509737510585
Giuoco Piano Game Center Attack 5...exd4 6.e5,1163,205.65950128976783,45.22785898538263
Italian Game 3...d6 4.c3,1136,277.83978873239437,36.53169014084507
Modern Defense with 1 e4 2.Bc4 Bg7 3.Qf3 e6,1105,226.50950226244345,35.65610859728507
Kings Fianchetto Opening 1...e5 2.Bg2 d5,1105,250.05158371040724,35.74660633484163
Giuoco Piano Game Giuoco Pianissimo Italian Four Knights Canal Variation,1060,225.36603773584906,40.37735849056604
Giuoco Piano Game 4.O O Nf6 5.Nc3 d6,1055,152.56208530805688,41.99052132701422
Sicilian Defense McDonnell Attack 2...e6 3.Nf3,1047,185.13180515759313,38.68194842406877
Giuoco Piano Game Main Line 4...d6 5.d4,1044,243.389846743295,43.96551724137931
Giuoco Piano Game Giuoco Pianissimo Italian Four Knights Variation 5...d6,1044,209.01724137931035,38.88888888888889
Kings Gambit Accepted Schallopp Defense 4.e5,1038,239.52312138728323,42.38921001926782
Old Benoni Defense 2.d5 e6,1027,239.1489776046738,37.77994157740993
Pirc Defense Harmonist Variation,1006,218.26043737574554,35.586481113320076
Scotch Game Classical Intermezzo Variation,993,138.59315206445115,44.71299093655589
Ponziani Opening,972,191.13374485596708,40.94650205761317
Philidor Defense 3.d4,942,176.26008492569002,44.26751592356688
Sicilian Defense McDonnell Attack 2...d5 3.e5 Nc6,932,179.5697424892704,39.05579399141631
Kings Pawn Opening Kings Knight Variation 2...Nc6 3.d3,921,176.5830618892508,34.41910966340934
Scandinavian Defense 2.e5 c5,920,301.4630434782609,36.84782608695652
Kings Fianchetto Opening Symmetrical Variation 2.Bg2 Bg7,910,182.66593406593407,28.68131868131868
Sicilian Defense McDonnell Attack 2...Nc6 3.Nf3 g6,886,204.3645598194131,38.261851015801355
Scandinavian Defense Mieses Kotrc Variation 3.Nc3 Qd8 4.d4,863,295.96871378910777,39.39745075318656
Giuoco Piano Game Four Knights Game,855,321.65497076023394,38.71345029239766
Modern Defense with 1 e4 2.d4 Bg7 3.Nf3 d6 4.Be3,851,165.63572267920094,37.01527614571093
Undefined,831,358.59807460890494,32.37063778580024
Modern Defense 3.Nc3 Bg7 4.Nf3 Nd7 5.e4,821,202.64433617539586,35.80998781973204
Kings Gambit Declined Classical Variation 3.Nf3,807,228.14869888475837,37.67038413878562
Ruy Lopez Opening Classical Defense,804,167.63930348258705,37.06467661691542
Modern Defense with 1 d4...3.Bf4 d6 4.e3 Nd7,796,172.3819095477387,30.90452261306533
Giuoco Piano Game Main Line,792,306.7739898989899,46.464646464646464
Kings Gambit Accepted Cunningham Defense,788,225.6789340101523,39.213197969543145
Kings Gambit Accepted Cunningham Defense 4.Bc4 Bh4,781,323.45454545454544,39.30857874519846
Pirc Defense Classical Variation 4...Bg7,775,211.25032258064516,38.58064516129032
Caro Kann Defense Advance Short Variation with 4 Nf3...e6,763,238.94364351245085,39.18741808650065
Modern Defense Geller System 4...Nd7,751,227.711051930759,33.15579227696405
Modern Defense with 1 d4 2.Nf3 Bg7 3.e3 d6,741,266.6059379217274,34.0080971659919
Vienna Game Max Lange Defense,712,243.7738764044944,33.98876404494382
Nimzowitsch Larsen Attack Modern Variation 2.Bb2 Nc6,710,355.2661971830986,35.352112676056336
Sicilian Defense McDonnell Attack 2...Nc6 3.Nf3,699,185.1845493562232,38.054363376251786
Sicilian Defense McDonnell Attack 2...d6 3.Nf3,693,210.45598845598846,37.66233766233766
Bishops Opening Boi Variation 3.Nf3,689,322.10740203193035,39.18722786647315
French Defense Advance Variation,681,183.01908957415566,38.032305433186494
Giuoco Piano Game Giuoco Pianissimo Variation 4...Nf6 5.O O d6,671,326.20119225037257,39.642324888226526
Modern Defense with 1 d4 2.Nc3 Bg7,669,191.72795216741406,31.689088191330345
Modern Defense Standard Line...5.Nf3 b5 6.Bd3 Nd7,664,73.20933734939759,31.77710843373494
Nimzowitsch Defense,663,413.83559577677227,37.55656108597285
Alekhines Defense,654,188.868501529052,35.62691131498471
Caro Kann Defense 2.f4,652,125.49539877300613,39.57055214723926
French Defense Normal Variation,648,225.84413580246914,36.574074074074076
French Defense La Bourdonnais Variation 2...d5 3.e5 c5 4.Nf3,645,143.53643410852712,30.697674418604652
Giuoco Piano Game,636,337.6682389937107,35.691823899371066
Italian Game Knight Attack,635,295.48976377952755,42.204724409448815
Reti Opening Sicilian Invitation 2.d4 cxd4 3.Nxd4 d5,601,238.70881863560732,37.10482529118136
Kings Pawn Opening Leonardis Variation 2...Nf6 3.Nf3,597,259.29815745393637,35.678391959798994
Owens Defense 2.d4 Bb7 3.Nc3,592,246.6097972972973,38.3445945945946
Nimzowitsch Defense Scandinavian Advance Variation 3...Bf5,592,106.6233108108108,34.12162162162162
Pirc Defense Classical Variation 4...Bg7 5.Be3 O O,568,198.88028169014083,36.09154929577465
Modern Defense with 1 e4 2.d4 Bg7 3.Nf3 d6 4.Bd3,565,87.05132743362832,36.991150442477874
Modern Defense Three Pawns Attack with 2 f4...Bg7 3.Nf3 d6,563,186.2770870337478,31.261101243339258
Kings Gambit Accepted Kings Knight Gambit 3...g5 4.h4,552,164.3894927536232,36.95652173913043
Caro Kann Defense Exchange Variation 3...cxd5,550,192.09272727272727,38.0
Scotch Game...4.Nxd4 Nxd4 5.Qxd4 d6,537,208.7709497206704,38.17504655493482
Mieses Opening 1...g6,536,219.47201492537314,29.47761194029851
Four Knights Game Italian Variation,530,215.7056603773585,33.20754716981132
Caro Kann Defense 2.Nf3 d5,527,218.41176470588235,33.96584440227704
Modern Defense with 1 e4 2.d4 d6 3.Be3 Bg7,521,144.9232245681382,33.78119001919386
Kings Pawn Opening Leonardis Variation 2...Nf6,512,217.4765625,41.6015625
Giuoco Piano Game 4.O O d6 5.c3 Nf6 6.d3,512,161.4453125,35.3515625
Slav Defense Exchange Variation 3...cxd5,503,221.72962226640158,32.20675944333996
Three Knights Opening 3...Bc5 4.Nxe5,500,225.724,35.4
Giuoco Piano Game 4.O O Nf6,496,224.20362903225808,40.32258064516129
Vienna Game Falkbeer Vienna Gambit,494,361.4595141700405,38.663967611336034
Kings Gambit Accepted Becker Defense,492,200.33333333333334,38.00813008130081
Modern Defense with 1 e4 2.d4 Bg7 3.Be3,489,343.08997955010227,35.787321063394685
Scandinavian Defense Mieses Kotrc Variation 3.Nc3 Qe5 4.Be2,475,376.4042105263158,43.78947368421053
Reti Opening Sicilian Invitation 2.d4 cxd4 3.Nxd4,470,161.13617021276596,36.80851063829787
Caro Kann Defense Exchange Variation 3...cxd5 4.Nf3 Nc6,464,137.4719827586207,33.4051724137931
Modern Defense with 1 d4 2.Bf4 Bg7,463,166.341252699784,33.477321814254864
Ruy Lopez Opening Morphy Defense Exchange Lutikov Variation,462,247.3116883116883,32.683982683982684
Modern Defense 3.Nc3 Bg7 4.Nf3 Nd7,460,235.19347826086957,35.869565217391305
Caro Kann Defense Advance Variation 3...Bf5,458,162.28602620087335,42.13973799126637
Modern Defense Three Pawns Attack,456,150.81359649122808,40.131578947368425
Caro Kann Defense Advance Variation,456,191.25877192982455,40.78947368421053
Kings Gambit Accepted Modern Defense 4.exd5,451,155.38137472283813,38.58093126385809
Giuoco Piano Game Four Knights Game 5.O O,439,287.87927107061506,37.12984054669704
Sicilian Defense Old Sicilian Variation 3.Bc4,430,341.9046511627907,37.67441860465116
Giuoco Piano Game Giuoco Pianissimo Variation 4...d6,429,248.91608391608392,37.995337995338
Kings Gambit Accepted Kieseritzky Kolisch Defense 6.Nxg4,425,190.84470588235294,41.647058823529406
Scotch Game 3...exd4,421,236.24228028503563,46.318289786223275
Modern Defense with 1 e4...3.Nf3 d6 4.Be3 Nf6,416,205.20192307692307,42.06730769230769
Bishops Opening Berlin Defense,410,182.44390243902438,39.75609756097561
Kings Fianchetto Opening...2.Bg2 Nf6 3.d3 d5,409,171.92665036674816,33.74083129584352
Center Game Accepted Paulsen Attack,409,226.74083129584352,41.32029339853301
Modern Defense Standard Line 3...d6 4.Be3 Nd7 5.Nf3,409,158.21760391198043,36.91931540342298
Caro Kann Defense Accelerated Panov Attack 2...d5 3.cxd5 cxd5,407,342.6928746928747,34.64373464373464
Pirc Defense Classical Variation 4...Bg7 5.Bc4 O O,404,201.38861386138615,35.148514851485146
Philidor Defense,403,312.3151364764268,35.483870967741936
Giuoco Piano Game Main Line 4...d6,403,305.3200992555831,40.44665012406948
Kings Pawn Opening Kings Knight Variation 2...Nc6,396,252.0429292929293,35.60606060606061
Scotch Game Scotch Gambit Haxo Sarratt Variation,396,207.84848484848484,32.57575757575758
Reti Opening Queenside Fianchetto Variation 2.e4 Bb7 3.Nc3,389,313.0,32.904884318766065
Kings Pawn Opening St George Defense,384,134.09114583333334,38.80208333333333
Englund Gambit 2.dxe5,382,393.25392670157066,32.19895287958115
Giuoco Piano Game 4.Nc3 d6,382,349.369109947644,38.481675392670155
Petrovs Defense Steinitz Attack 3...exd4,382,449.4502617801047,35.07853403141361
Four Knights Game,380,173.79736842105262,37.89473684210527
Sicilian Defense Old Sicilian Variation 3.Bc4 e6,371,114.06199460916442,39.083557951482476
Old Benoni Defense 2.e3 cxd4,371,116.3989218328841,36.92722371967655
Pirc Defense Classical Variation 4...Bg7 5.Bc4 O O 6.O O,365,237.27123287671233,37.80821917808219
Italian Game Two Knights Defense,363,378.2121212121212,35.81267217630854
Sicilian Defense McDonnell Attack,361,285.64542936288086,34.07202216066482
Reti Opening Kingside Fianchetto Variation,359,356.42896935933146,27.57660167130919
Kings Gambit Declined Falkbeer Countergambit,358,305.6117318435754,32.68156424581006
Modern Defense Standard Line...4.Be3 a6 5.Nf3 Nd7,358,242.7513966480447,33.5195530726257
Modern Defense with 1 e4 2.d4 d6 3.c3 Bg7,356,129.19662921348313,36.235955056179776
Italian Game Knight Attack Fritz Variation,351,439.1082621082621,42.73504273504273
Kings Gambit Declined Falkbeer Blackburne Attack,348,215.44540229885058,43.67816091954023
Ruy Lopez Opening Old Steinitz Defense 4.O O,345,200.29275362318842,34.492753623188406
Saragossa Opening 1...e5,344,278.2529069767442,31.976744186046513
Sicilian Defense McDonnell Attack 2...g6 3.Nf3 Bg7,344,237.28488372093022,40.69767441860465
Danish Gambit Declined Sorensen Defense,341,195.7800586510264,34.89736070381232
Modern Defense 3.Nc3 Bg7,340,170.36764705882354,35.294117647058826
Pirc Defense 2.d4,339,181.6165191740413,43.36283185840708
Pirc Defense Modern Defense Geller System,339,174.05014749262537,31.563421828908556
Bishops Opening 2...Nc6 3.d3,339,236.31858407079645,33.6283185840708
Modern Defense with 1 d4 2.c4 Bg7,336,170.1845238095238,29.761904761904763
Caro Kann Defense Exchange Variation 3...cxd5 4.Nf3,330,225.55454545454546,33.939393939393945
Modern Defense Three Pawns Attack with 2 f4...Bg7,330,168.76666666666668,33.939393939393945
Kings Gambit Accepted Schallopp Defense 4.Nc3,328,339.2073170731707,37.5
Giuoco Piano Game 4.O O d6,324,94.3641975308642,41.04938271604938
Ruy Lopez Opening Old Steinitz Defense 4.d4,323,115.94736842105263,45.20123839009288
Owens Defense 2.d4 Bb7,322,161.3664596273292,39.75155279503105
Kings Indian Defense Normal Variation 4.e4 d6 5.Nf3 Nbd7,322,168.3944099378882,32.91925465838509
Nimzowitsch Defense Kennedy Linksspringer Variation 3...Nce7,322,288.4782608695652,36.024844720496894
Sicilian Defense McDonnell Attack 2...d5,321,206.5576323987539,37.07165109034268
Nimzowitsch Defense 2.d4 e6 3.Nf3 d5 4.e5,320,206.41875,38.75
Benoni Defense Modern Variation 4.Nc3,319,193.7115987460815,31.974921630094045
Giuoco Piano Game Center Attack...6.cxd4 Bb4 7.Bd2 Bxd2 8.Nbxd2,319,226.7335423197492,42.00626959247649
Owens Defense 2.d4 Bb7 3.Nc3 e6 4.Bd3,318,145.6572327044025,37.10691823899371
Modern Defense Averbakh Variation 4...Nd7,318,187.07232704402514,33.33333333333333
Giuoco Piano Game Giuoco Pianissimo Italian Four Knights Variation 5...d6 6.Be3,316,261.36392405063293,37.9746835443038
Vienna Game Falkbeer Vienna Gambit 3...d6 4.Nf3,314,62.9203821656051,35.98726114649681
Indian Game 2.Bf4 g6 3.Nc3 Bg7,314,184.29617834394904,31.528662420382165
Vienna Game Max Lange Meitner Mieses Gambit,314,434.64331210191085,37.261146496815286
Sicilian Defense Smith Morra Gambit 2...cxd4 3.Qxd4 Nc6 4.Qd1,313,266.26198083067095,31.629392971246006
Italian Game Knight Attack Polerio Bishop Check Line 6...Bd7,313,120.7667731629393,51.43769968051119
Philidor Defense 3.Bc4 Nf6,311,437.06752411575565,42.443729903536976
Modern Defense Standard Line...6.Bd3 Nd7 7.Nf3 Bb7,311,313.9903536977492,31.189710610932476
Kings Gambit Declined Keene Defense 3.g3,307,487.2214983713355,40.71661237785016
Caro Kann Defense Advance Botvinnik Carls Defense 4.c3 Nc6 5.Nf3 Bg4,307,171.49185667752442,38.11074918566775
Mieses Opening Reversed Rat Variation,305,235.31803278688525,32.459016393442624
Bishops Opening Berlin Vienna Hybrid Variation 4...Bc5,304,434.5657894736842,31.57894736842105
Englund Gambit,303,209.3036303630363,36.633663366336634
Giuoco Piano Game Center Attack Greco Attack 7...Nxe4 8.O O,301,308.6445182724253,44.518272425249165
Modern Defense with 1 d4 2.Nf3 Bg7,301,219.17607973421926,33.5548172757475
Vienna Game,300,284.31,35.66666666666667
Giuoco Piano Game Giuoco Pianissimo Italian Four Knights Variation 5...O O,299,354.04013377926424,36.78929765886287
Alapin Sicilian Defense...3.Nf3 Nc6 4.d4 cxd4 5.cxd4,295,264.27457627118645,36.610169491525426
Kings Gambit Declined Keene Defense 3.g3 Qe7,293,227.88054607508533,37.883959044368595
Mieses Opening 1...g6 2.g3 Bg7 3.Bg2,291,199.20274914089347,27.147766323024054
Alapin Sicilian Defense...3.d4 cxd4 4.cxd4 d5 5.e5,290,109.51034482758621,48.62068965517241
Indian Game 2.Bf4 g6 3.e3 Bg7,289,117.03806228373702,36.67820069204152
Modern Defense with 1 e4 2.Bc4 Bg7 3.Qf3,287,306.59581881533103,33.10104529616725
Modern Defense with 1 e4 2.d4 Bg7 3.Nf3 d6 4.h3,286,131.92307692307693,43.70629370629371
Pirc Defense Harmonist Variation 2...Nf6,285,121.40350877192982,38.24561403508772
Kings Indian Defense Normal Variation 4.e4 d6 5.Nf3 O O,284,144.08450704225353,34.154929577464785
Bishops Opening 2...Nc6 3.d3 Nf6,284,176.7394366197183,35.563380281690144
Bishops Opening,284,346.51408450704224,37.67605633802817
Kings Gambit Accepted Kieseritzky Gambit,283,184.4487632508834,42.40282685512368
Kings Pawn Opening Tayler Opening,283,225.61837455830388,40.282685512367486
Center Game,282,239.32624113475177,40.0709219858156
French Defense Advance Variation 3...c5 4.c3 Nc6,281,151.067615658363,41.281138790035584
Sicilian Defense French Variation,280,267.71785714285716,32.857142857142854
Center Game Accepted,278,190.39208633093526,35.25179856115108
French Defense La Bourdonnais Variation...3.e5 c5 4.Nf3 Nc6,278,160.21942446043167,32.73381294964029
Queens Pawn Opening Zukertort Chigorin Variation,276,216.59420289855072,38.768115942028984
Queens Pawn Opening Zukertort Chigorin Variation 3.Bf4 Nf6 4.e3,275,513.4945454545455,29.454545454545457
Englund Gambit 2.dxe5 Nc6,271,153.42066420664207,38.00738007380074
Italian Game 3...d6,269,241.6654275092937,39.405204460966544
Vienna Game Max Lange Defense 3.Bc4 Nf6,268,159.87686567164178,37.6865671641791
Modern Defense with 1 e4 2.d4 d6 3.Bc4 Bg7,264,155.0151515151515,34.46969696969697
Slav Defense Exchange Variation 3...cxd5 4.Nf3 Nc6,263,89.65019011406844,34.98098859315589
Petrovs Defense 3.d3 Nc6,260,422.2653846153846,32.69230769230769
Kings Gambit Declined Queens Knight Defense,260,393.58846153846156,38.84615384615385
Caro Kann Defense,258,281.4031007751938,33.33333333333333
Modern Defense Geller System 4...Nd7 5.Bd3,258,57.1937984496124,30.620155038759687
Englund Gambit 2.dxe5 Nc6 3.Nf3,258,292.2751937984496,40.69767441860465
Nimzowitsch Defense Scandinavian Advance Variation 3...Bf5 4.Nf3 e6,257,188.5953307392996,42.4124513618677
Sicilian Defense Old Sicilian Variation 3.c4 e5 4.Nc3,254,164.9251968503937,36.22047244094488
Modern Defense with 1 d4 2.c4 Bg7 3.Nf3 d6,252,161.41666666666666,34.523809523809526
Giuoco Piano Game Main Line Albin Gambit...6.d4 exd4 7.cxd4 Bb6,251,322.3585657370518,43.42629482071713
Caro Kann Defense 2.d4,246,340.7764227642276,43.90243902439025
Nimzowitsch Larsen Attack Modern Variation 2.Bb2 Nc6 3.e3 d5,245,408.7061224489796,42.04081632653061
Modern Defense Standard Line...5.Qd2 b5 6.Bd3 Nd7 7.Nf3,244,485.8893442622951,34.42622950819672
Birds Opening,242,146.11157024793388,35.53719008264463
Birds Opening Dutch Variation 2.Nf3,241,257.0746887966805,37.75933609958506
Scotch Game Classical Variation 5.Be3,241,163.6597510373444,38.17427385892116
Modern Defense with 1 e4 2.d4 Bg7 3.c3 d6 4.f4,236,93.16949152542372,35.59322033898305
Sicilian Defense Smith Morra Gambit 2...cxd4 3.Qxd4 Nc6,235,308.4723404255319,41.702127659574465
Caro Kann Defense Advance Botvinnik Carls Defense 4.c3 Nc6,234,135.508547008547,40.598290598290596
Three Knights Opening,234,356.36324786324786,40.598290598290596
Vienna Game Max Lange Defense 3.Bc4 Bc5,233,270.84549356223175,35.1931330472103
Italian Game Traxler Counterattack,232,284.23275862068965,43.103448275862064
Slav Defense Exchange Variation...4.Bf4 Nf6 5.e3 Nc6,232,118.53017241379311,34.05172413793103
Ruy Lopez Opening Classical Central Variation,231,201.94372294372295,39.82683982683983
Philidor Defense Exchange Variation 4.Nxd4,231,294.3982683982684,42.42424242424242
Kings Gambit Accepted Fischer Defense 4.Bc4,230,87.01304347826087,47.391304347826086
Kings Indian Defense Normal Variation 4.Nf3 d6 5.e3 O O,230,87.44347826086957,36.95652173913043
Giuoco Piano Game Giuoco Pianissimo Variation 4...Nf6 5.Bg5,229,228.90393013100436,40.174672489082965
Caro Kann Defense 2.f4 d5,229,100.2707423580786,42.35807860262008
Italian Game Knight Attack Polerio Defense,228,188.99561403508773,37.280701754385966
Modern Defense Averbakh Variation 4...Nd7 5.Be3,226,142.73008849557522,35.39823008849557
Caro Kann Defense Advance Van der Wiel Attack 4...e6,226,200.5353982300885,38.49557522123894
Modern Defense with 1 e4...3.Nf3 d6 4.Bc4 Nf6 5.Nc3,225,440.3644444444444,41.333333333333336
Nimzowitsch Defense Scandinavian Advance Variation 3...f6,225,140.53333333333333,42.22222222222222
Kings Gambit Declined Falkbeer Accepted Modern Transfer Variation,222,155.95495495495496,44.5945945945946
Italian Game 3...d6 4.d4 exd4,222,359.9099099099099,39.189189189189186
Danish Gambit,222,236.7927927927928,38.73873873873874
Scotch Game Classical Intermezzo Variation 6.Qf3,222,106.68018018018019,38.73873873873874
Giuoco Piano Game Center Attack...7.Bd2 Nxe4 8.Bxb4 Nxb4,219,83.96347031963471,47.94520547945205
Modern Defense Standard Line...5.Qd2 Nd7 6.Nf3 b5,216,80.83333333333333,39.351851851851855
Modern Defense with 1 e4...3.Nf3 d6 4.Be2 Nd7 5.O O,216,183.16666666666666,38.88888888888889
Modern Defense Three Pawns Attack with 2 f4,216,216.39814814814815,41.66666666666667
Scotch Game Scotch Gambit Dubois Reti Perreux Variation 5...d5 6.exd5,215,264.7953488372093,39.53488372093023
Center Game Accepted Kieseritzky Variation,213,218.21596244131456,42.25352112676056
Three Knights Opening 3...Bb4,212,372.89622641509436,35.84905660377358
Old Benoni Defense Franco Benoni Defense,211,112.78199052132702,32.70142180094787
Kings Gambit Accepted Fischer Defense 4.d4 g5,209,122.21052631578948,38.75598086124402
English Opening Kings English Variation 2.e3,208,119.38942307692308,37.019230769230774
Kings Indian Defense Semi Classical Variation 6...Nbd7 7.O O,207,142.28985507246378,31.88405797101449
Sicilian Defense Bowdler Attack 2...e6,207,104.30434782608695,30.434782608695656
Alekhines Defense Normal Variation 3.d4,206,200.8252427184466,39.32038834951456
Philidor Defense Exchange Variation 4.Qxd4,205,276.9560975609756,36.09756097560975
Caro Kann Defense 2.d4 d5 3.Nc3,203,168.64532019704433,42.364532019704434
Kings Gambit Declined Classical Variation 3.Nf3 d6 4.Bc4,202,348.5,38.613861386138616
Caro Kann Defense Advance Short Variation with 4 Nf3,202,390.9504950495049,33.663366336633665
Scandinavian Defense Boehnke Gambit,202,241.74752475247524,40.099009900990104
Sicilian Defense Old Sicilian Variation 3.Bc4 e6 4.O O,201,340.1243781094527,37.3134328358209
Owens Defense...3.Nc3 e6 4.Bd3 Nf6,201,260.3532338308458,33.83084577114428
Pirc Defense Classical Variation 4...Bg7 5.Bg5 O O,198,118.05555555555556,38.88888888888889
Giuoco Piano Game Main Line Giuoco Pianissimo Variation 5...d6 6.Bg5,198,260.0959595959596,36.36363636363637
Giuoco Piano Game Center Attack 5...exd4 6.cxd4,197,277.5786802030457,37.56345177664975
Nimzowitsch Defense Scandinavian Advance Variation,197,283.29441624365484,36.54822335025381
Pirc Defense Main Line,195,121.04102564102564,40.0
Van t Kruijs Opening,195,93.31282051282051,36.41025641025641
English Opening Two Knights Variation 3.e4,193,329.6683937823834,31.606217616580313
Queens Pawn Opening Rossolimo Variation 3.Bg5 Bg7,193,51.54922279792746,30.569948186528496
Kings Gambit Accepted Bonsch Osmolovsky Variation 4.d4,193,242.30569948186528,40.41450777202073
Modern Defense with 1 e4...3.Nf3 d6 4.Bc4 Nf6,192,206.71354166666666,42.1875
Pirc Defense Classical Variation 4...Bg7 5.Be3,192,181.5625,39.0625
Bishops Opening Berlin Defense 3.d3 Bc5,192,147.52083333333334,31.25
Scandinavian Defense Mieses Kotrc Variation 3.d4,191,175.86387434554973,39.79057591623037
Owens Defense...4.Nf3 Bb4 5.Bd3 Nf6,190,115.58421052631579,40.526315789473685
Kings Gambit Accepted Kieseritzky Long Whip Defense,189,335.4179894179894,40.74074074074074
Indian Game Knights Variation East Indian Defense 3.Nc3 Bg7 4.e4,189,153.04761904761904,42.857142857142854
Nimzowitsch Larsen Attack Modern Variation...3.e3 d5 4.Bb5 Bd6,189,406.07936507936506,42.32804232804233
French Defense Normal Variation 2...b6,189,298.85714285714283,35.978835978835974
French Defense Advance Variation 3...c5 4.c3,189,162.05820105820106,43.386243386243386
Modern Defense Standard Line 3...d6,188,101.69148936170212,39.361702127659576
Scotch Game 3...d6,188,171.7872340425532,42.5531914893617
Kings Indian Defense Normal Variation 4.e4 d6 5.Nf3 Nbd7 6.Be2,185,245.03243243243244,37.83783783783784
Vienna Game Max Lange Vienna Gambit,184,189.9891304347826,28.804347826086957
French Defense Advance Nimzowitsch System,184,157.0163043478261,36.95652173913043
Modern Defense with 1 d4 2.c4 Bg7 3.e4 d6,183,65.28415300546447,35.51912568306011
Giuoco Piano Game Center Attack Greco Attack,182,292.14835164835165,41.208791208791204
Italian Game Knight Attack Polerio Bishop Check Line...7.dxc6 bxc6 8.Bd3 h6 9.Ne4,182,65.81318681318682,53.2967032967033
Pirc Defense 2.Nc3 Nf6 3.f4,182,262.1703296703297,45.05494505494506
Ruy Lopez Opening Old Steinitz Defense 4.c3,182,288.35164835164835,36.81318681318682
Ponziani Opening Jaenisch Counterattack 4.d4 exd4,180,280.43888888888887,42.22222222222222
Philidor Defense Exchange Variation 4.Nxd4 Nf6 5.Nc3,179,363.9776536312849,40.78212290502793
Modern Defense with 1 d4 2.Bf4 Bg7 3.e3 d6,178,89.28651685393258,44.38202247191011
Modern Defense with 1 d4...3.c3 d6 4.Bf4 Nd7 5.e3,178,44.174157303370784,33.70786516853933
Scotch Game 3...exd4 4.Nxd4 Nxd4 5.Qxd4,177,317.76271186440675,42.93785310734463
Slav Defense Modern Schlechter Variation...6.Bf4 Nc6 7.e3 Bg7,177,155.2090395480226,30.508474576271187
Kings Pawn Opening Tortoise Opening,177,322.03954802259886,28.8135593220339
Italian Game Knight Attack Polerio Bishop Check Line 6...c6 7.dxc6 bxc6,176,285.21022727272725,39.77272727272727
Kings Gambit Declined Falkbeer Accepted Staunton Line 4.Nc3 Nf6,176,332.96590909090907,38.63636363636363
Three Knights Opening 3...Bc5 4.Nxe5 Nxe5 5.d4,176,376.6875,38.63636363636363
Italian Game Knight Attack Polerio Bishop Check Line 6...c6 7.dxc6,176,108.55681818181819,43.75
English Opening Reversed Sicilian Variation,175,273.9371428571429,30.28571428571429
English Opening Kings English Variation,174,271.48850574712645,37.93103448275862
Modern Defense Three Pawns Attack 3...d6 4.Nf3 Nf6 5.Nc3,173,230.79768786127167,42.19653179190752
Kings Gambit 2...d6,173,115.8728323699422,39.30635838150289
Nimzowitsch Defense Declined 2...g6 3.d4 Bg7,172,348.43023255813955,37.7906976744186
Nimzowitsch Defense Scandinavian Advance Variation 3...Bf5 4.Nf3,172,183.08139534883722,36.627906976744185
Sicilian Defense Bowdler Attack 2...Nc6,171,226.16959064327486,38.59649122807017
Pirc Defense Main Line Austrian Kurajica Variation,171,188.53216374269005,36.84210526315789
Scandinavian Defense Modern Variation 3.Nf3 Qxd5 4.Nc3 Qa5,170,411.8411764705882,32.35294117647059
Petrovs Defense Three Knights Game 3...Bb4,169,190.03550295857988,32.544378698224854
Owens Defense 2.d4,169,597.2603550295858,30.76923076923077
French Defense Steiner Variation,168,257.5297619047619,36.904761904761905
Giuoco Piano Game 4.O O d6 5.c3 Nf6,167,183.88023952095807,39.52095808383233
Vienna Game Falkbeer Stanley Variation,166,274.56024096385545,34.33734939759036
Italian Game Traxler Bishop Sacrifice Line,166,336.6024096385542,36.144578313253014
Pirc Defense Classical Variation 4...Bg7 5.Bg5 h6,165,105.62424242424242,38.18181818181819
Polish Opening Bugayev Attack 2...d5 3.Bb2,165,376.8424242424242,27.27272727272727
Modern Defense with 1 d4 2.Bf4 Bg7 3.e3,164,233.1951219512195,31.097560975609756
French Defense Advance Paulsen Attack 5...cxd4 6.cxd4,162,194.74074074074073,42.592592592592595
Nimzowitsch Larsen Attack Indian Variation 2.Bb2 g6 3.e3 Bg7,161,179.80745341614906,31.05590062111801
Closed Sicilian Defense Grand Prix Variation 3...Nf6 4.Nf3,160,293.55625,40.625
Owens Defense...3.Nc3 e6 4.Bd3 Bb4,158,299.4873417721519,39.87341772151899
Old Benoni Defense Franco Benoni Defense 3...exd5 4.exd5,157,302.5668789808917,35.03184713375796
Sicilian Defense Staunton Cochrane Variation,157,195.10191082802547,31.84713375796178
Queens Pawn Opening Mikenas Defense 2.Nf3,157,154.64331210191082,33.12101910828025
Modern Defense with 1 d4 2.c3 Bg7,157,60.37579617834395,31.84713375796178
Modern Defense Standard Pseudo Austrian Attack...5.Be3 Nf6 6.Nf3 O O,156,125.14102564102564,38.46153846153847
Indian Game Knights Variation East Indian Defense 3.e3 Bg7 4.c4 O O 5.Nc3,155,132.51612903225808,41.29032258064516
Benoni Defense Modern Kings Pawn Line 6...g6,155,336.63870967741934,34.83870967741935
Kings Indian Defense Smyslov Variation 4...O O 5.Nf3,155,349.3483870967742,36.774193548387096
Modern Defense with 1 d4...3.Nf3 d6 4.e4 Nd7,155,54.3741935483871,34.193548387096776
Scotch Game Classical Variation 5.Be3 Qf6,154,205.9090909090909,39.61038961038961
Nimzowitsch Larsen Attack Modern Variation 2.Bb2,154,343.87012987012986,38.311688311688314
Caro Kann Defense Accelerated Panov Attack...3.exd5 cxd5 4.cxd5 Qxd5 5.Nc3,154,170.51298701298703,38.961038961038966
Vienna Game Omaha Gambit,153,58.80392156862745,33.98692810457516
Scandinavian Defense 2.exd5,153,416.3333333333333,37.908496732026144
Italian Game Hungarian Defense...5.dxe5 Nxe5 6.Nxe5 dxe5,153,53.16339869281046,35.947712418300654
Scandinavian Defense Modern Marshall Gipslis Variation,152,239.28947368421052,44.73684210526316
Modern Defense with 1 d4...3.Bf4 d6 4.e3 Nf6,152,130.5065789473684,30.92105263157895
Caro Kann Defense 2.Nc3 d5,152,255.20394736842104,34.868421052631575
Giuoco Piano Game 4.O O d6 5.c3,150,173.48666666666668,44.0
English Opening Two Knights Variation 3.e4 Bc5,149,275.38255033557044,41.61073825503356
Scotch Game Scotch Gambit Haxo Gambit 5.c3,149,80.5503355704698,38.92617449664429
Giuoco Piano Game Main Line 4...Nf6,149,325.1140939597315,44.29530201342282
Philidor Defense Exchange Variation 4.Qxd4 Nc6,148,273.2162162162162,38.513513513513516
Owens Defense...3.Bd3 g6 4.Nf3 Bg7,148,156.35135135135135,37.83783783783784
Modern Defense Standard Line,146,192.03424657534248,37.67123287671233
Caro Kann Defense 2.Nf3 d5 3.exd5 cxd5,146,209.08219178082192,35.61643835616438
Queens Pawn Opening Accelerated London System,144,149.24305555555554,36.80555555555556
French Defense La Bourdonnais Reuter Gambit 4.Ng5,144,333.9375,36.80555555555556
French Defense Knight Variation 2...d5 3.exd5 exd5,143,341.46853146853147,37.76223776223776
Bishops Opening Boi Variation,143,190.76223776223776,31.46853146853147
Birds Opening 1...g6 2.Nf3 Bg7 3.e3,142,256.0633802816901,27.464788732394368
Sicilian Defense Wing Gambit 2...cxb4 3.d4,142,150.7887323943662,35.91549295774648
Kings Indian Defense Larsen Variation 6...Nbd7,142,337.5422535211268,33.80281690140845
Closed Sicilian Defense Grand Prix Attack...5.Bc4 d6 6.O O Nf6,142,399.2323943661972,34.50704225352113
Old Benoni Defense 2.c3 cxd4,142,459.443661971831,35.91549295774648
Caro Kann Defense Exchange Variation 3...cxd5 4.Nf3 Nf6,140,714.15,35.0
Kings Gambit Declined Classical Variation...4.Nc3 Nf6 5.Bc4 Nc6,140,263.4428571428571,31.428571428571427
Nimzowitsch Larsen Attack Classical Variation 2.e3 e5 3.Bb2,139,614.7841726618705,34.53237410071942
Kings Gambit Accepted Bonsch Osmolovsky Variation 4.d4 d5,138,182.34782608695653,40.57971014492754
Modern Defense with 1 e4 2.d4 Bg7 3.c3 d6 4.Bc4,138,458.6811594202899,28.985507246376812
Caro Kann Defense Advance Botvinnik Carls Defense 4.Nf3 Bg4,137,88.02189781021897,31.386861313868614
Kings Gambit Declined Falkbeer Accepted Nimzowitsch Marshall Countergambit,137,65.21167883211679,42.33576642335766
Queens Pawn Opening Chigorin Variation 2...Nf6 3.Bf4,137,334.73722627737226,37.95620437956204
Slav Defense Exchange Variation 3...cxd5 4.Bf4 Nc6,137,293.6861313868613,35.76642335766424
Kings Pawn Opening Kings Knight Elephant Paulsen Countergambit 4.Qe2,136,459.6764705882353,47.05882352941176
Kings Gambit Declined Falkbeer Accepted Staunton Line 4.Nc3,135,206.73333333333332,42.96296296296296
Nimzowitsch Defense Scandinavian Exchange Variation,135,441.55555555555554,38.51851851851852
Sicilian Defense McDonnell Attack 2...e6,135,68.06666666666666,33.33333333333333
French Defense Advance Variation 3...c5,134,209.55223880597015,36.56716417910448
Scotch Game Classical Variation,134,345.23880597014926,42.53731343283582
Caro Kann Defense Advance Botvinnik Carls Defense,134,229.4179104477612,43.28358208955223
French Defense Knight Variation 2...d5 3.exd5,134,281.2835820895522,38.059701492537314
Kings Fianchetto Opening Symmetrical Variation,134,133.2910447761194,35.82089552238806
Modern Defense Bishop Attack,134,202.65671641791045,32.83582089552239
Modern Defense Standard Pseudo Austrian Attack 4...Nc6 5.Nf3 Bg4 6.Be3,133,106.25563909774436,36.84210526315789
Modern Defense with 1 e4 2.Bc4,132,353.6818181818182,31.818181818181817
Kings Fianchetto Opening Symmetrical Variation 2.Bg2 Bg7 3.e4,131,51.98473282442748,34.35114503816794
Giuoco Piano Game Main Line Birds Attack...6.d3 d6 7.a4 a6,131,117.37404580152672,45.038167938931295
Nimzowitsch Defense 2.d4 e6 3.Nf3,131,454.9389312977099,32.82442748091603
Kings Indian Attack...3.Bg2 e5 4.d3 Nf6 5.O O,131,76.35114503816794,34.35114503816794
Saragossa Opening,127,183.3779527559055,28.346456692913385
Sicilian Defense Smith Morra Gambit 2...cxd4,127,353.0314960629921,40.15748031496063
Scotch Game,127,166.09448818897638,43.30708661417323
Vienna Game Anderssen Defense 3.Bc4 Nf6,125,136.96,39.2
Ponziani Opening 3...d6 4.d4,123,190.98373983739836,39.83739837398374
Indian Game East Indian London System 3...Bg7 4.e3 O O,123,108.92682926829268,39.02439024390244
Pirc Defense Modern Defense Geller System 2...Nf6,123,506.3821138211382,23.577235772357724
Kings Fianchetto Opening,122,574.6147540983607,36.0655737704918
Pirc Defense 2.Nc3 g6 3.f4 Bg7 4.Nf3,122,222.30327868852459,31.967213114754102
Four Knights Game Spanish Variation Classical Variation 5.O O d6,122,324.5327868852459,39.34426229508197
Pirc Defense Main Line Austrian Attack 4...Bg7 5.Bd3,121,120.83471074380165,37.1900826446281
Modern Defense Standard Line 3...d6 4.Be3 Nd7,121,222.7520661157025,34.710743801652896
Kings Fianchetto Opening 1...e5 2.Bg2,121,396.3057851239669,34.710743801652896
Giuoco Piano Game Giuoco Pianissimo Italian Four Knights Canal Variation 6...h6,120,230.025,45.0
Modern Defense with 1 e4 2.d4 d6 3.f4 Bg7,120,141.19166666666666,33.33333333333333
Scandinavian Defense Mieses Kotrc Variation 3.Nc3 Qd8 4.d4 Nf6 5.Nf3,119,80.0672268907563,44.537815126050425
Modern Defense Standard Line 3...d6 4.Be3 Nd7 5.Qd2,119,73.84033613445378,37.81512605042017
Birds Opening Dutch Variation,118,61.59322033898305,42.3728813559322
Nimzowitsch Defense Kennedy Linksspringer Variation,117,291.1794871794872,29.914529914529915
English Opening Reversed Sicilian Closed...4.Bg2 Bc5 5.e3 d6 6.Nge2,117,52.76923076923077,43.58974358974359
Sicilian Defense Old Sicilian Variation 3.c4 e5,117,138.13675213675214,44.44444444444444
Slav Defense Exchange Variation 3...cxd5 4.Bf4 Nc6 5.e3,116,147.0948275862069,33.62068965517241
Modern Defense Standard Pseudo Austrian Attack 4...e6 5.Nf3 Ne7,116,284.19827586206895,30.17241379310345
Scandinavian Defense Mieses Kotrc Main Line 4.d4 c6 5.Nf3,115,661.4869565217391,39.130434782608695
Pirc Defense 2.d4 c6 3.Nf3,115,460.295652173913,37.391304347826086
Indian Game Tartakower Attack 2...g6 3.Bg2 Bg7,115,45.93913043478261,26.08695652173913
Scotch Game Classical Variation 5.Be3 Qf6 6.c3 Nge7,115,40.52173913043478,47.82608695652174
Kings Indian Defense Fianchetto Yugoslav Panno Fianchetto Variation Hungarian Variation,114,135.12280701754386,32.45614035087719
Sicilian Defense Marshall Counterattack 4.exd5 exd5,113,459.0088495575221,33.6283185840708
English Opening Great Snake Variation,113,203.69911504424778,33.6283185840708
Modern Defense with 1 e4 2.d4,113,294.39823008849555,45.13274336283185
Bishops Opening Berlin Vienna Hybrid Variation 4...Bc5 5.Nf3,113,70.30973451327434,40.707964601769916
Modern Defense with 1 e4 2.d4 Bg7 3.c3,112,506.5,37.5
Kings Gambit Accepted Kings Knight Gambit Rosentreter Sorensen Gambit 5...Qh4,112,397.39285714285717,39.285714285714285
Caro Kann Defense Exchange Variation 3...cxd5 4.c3 Nc6,112,58.517857142857146,33.035714285714285
Owens Defense 2.d4 Bb7 3.Nc3 e6,111,48.77477477477478,39.63963963963964
Vienna Game Max Lange Defense 3.Bc4 Bc5 4.Qg4,111,178.34234234234233,34.234234234234236
Sicilian Defense Old Sicilian Variation 3.Bc4 e6 4.Nc3,110,157.54545454545453,37.27272727272727
Pirc Defense Main Line 4.Be3 Bg7,110,354.59090909090907,36.36363636363637
Modern Defense Geller System 4...Nf6,110,236.8181818181818,29.09090909090909
Modern Defense with 1 e4...3.c3 d6 4.Bc4 Nf6,109,50.596330275229356,33.02752293577982
Kings Indian Attack 2...Nc6 3.Bg2 e5 4.O O,109,331.1559633027523,31.19266055045872
Sicilian Defense McDonnell Attack 2...e6 3.Nf3 d5,109,142.1651376146789,39.44954128440367
Four Knights Game Double Spanish Variation 5.d3,109,286.70642201834863,36.69724770642202
Kings Indian Defense Normal Variation 4.Nf3 O O 5.Bg5 d6,109,58.944954128440365,38.53211009174312
Anderssen Opening Creepy Crawly Formation Classical Defense,109,562.6146788990826,34.862385321100916
Slav Defense Modern Exchange Variation 4...cxd5,109,51.31192660550459,32.11009174311927
Giuoco Piano Game Main Line Birds Attack 5...Bb6 6.d3 d6,108,91.72222222222223,40.74074074074074
Pirc Defense Main Line Austrian Attack 4...Bg7 5.Bd3 O O,108,137.4351851851852,41.66666666666667
Scandinavian Defense Modern Marshall Variation 4.Nf3,108,323.73148148148147,46.2962962962963
Sicilian Defense Open Lowenthal Variation 5.Nf3 Nf6,107,63.19626168224299,38.31775700934579
Reti Opening Black Mustang Defense 2.g3 e5,107,302.78504672897196,38.31775700934579
Indian Game East Indian Przepiorka Variation...5.O O d6 6.c3 Nbd7,106,213.33962264150944,32.075471698113205
Queens Pawn Opening Accelerated London System 2...Nf6 3.e3,106,116.93396226415095,34.90566037735849
Modern Defense with 1 e4 2.d4 Bg7 3.Nf3 c6,106,190.82075471698113,34.90566037735849
Mieses Opening 1...d5,106,330.49056603773585,33.0188679245283
Pirc Defense,105,179.65714285714284,35.23809523809524
Van t Kruijs Opening 1...e5 2.Bc4,105,91.65714285714286,45.714285714285715
Giuoco Piano Game Evans Gambit Declined,105,171.1809523809524,34.285714285714285
Four Knights Game Double Spanish Variation,105,87.93333333333334,33.33333333333333
Scotch Game Scotch Gambit 4...d6 5.Nxd4,104,255.97115384615384,41.34615384615385
Pirc Defense 2.d4 Nf6 3.Nc3,104,141.94230769230768,33.65384615384615
Reti Opening Kingside Fianchetto Variation 2.g3 Bg7 3.Bg2 d6 4.O O,104,83.71153846153847,31.73076923076923
Vienna Game Max Lange Defense 3.Bc4,104,63.63461538461539,38.46153846153847
Modern Defense with 1 e4 2.d4 Bg7 3.c3 d6 4.Bd3,104,138.32692307692307,30.76923076923077
Clemenz Opening,104,163.15384615384616,21.153846153846153
Bishops Opening Berlin Vienna Hybrid Variation 4...Bc5 5.Bg5,103,348.252427184466,38.83495145631068
Sicilian Defense McDonnell Attack 2...Nc6,102,200.3921568627451,29.411764705882355
Giuoco Piano Game Main Line Birds Attack 5...Bb6,102,164.77450980392157,39.21568627450981
Alapin Sicilian Defense 2...Nc6 3.Nf3 d6 4.d4,102,105.24509803921569,39.21568627450981
Kings Fianchetto Opening 1...e5 2.Bg2 Nf6,102,67.90196078431373,37.254901960784316
Kings Fianchetto Opening 1...d5 2.Bg2 e5 3.d3,101,414.6039603960396,38.613861386138616
Vienna Game Main Line,101,253.32673267326732,29.7029702970297
Van Geet Opening 1...g6,101,261.46534653465346,24.752475247524753
Indian Game 2.c3,100,440.43,39.0
Ruy Lopez Opening Berlin Defense 4.d3 d6,100,42.85,39.0
English Opening,100,288.52,38.0
Sicilian Defense French Variation 3.d4 cxd4 4.Nxd4,100,340.66,34.0
French Defense Exchange Variation 3...exd5 4.Nf3,99,138.4848484848485,50.505050505050505
Reti Opening Black Mustang Defense,99,257.24242424242425,46.464646464646464
Kings Indian Defense Orthodox Variation 6...Nbd7 7.O O,98,57.47959183673469,36.734693877551024
Owens Defense...4.Nf3 Bb4 5.Bd3 Nf6 6.Qe2,98,245.05102040816325,44.89795918367347
Vienna Game 2...d6 3.Bc4,98,156.33673469387756,36.734693877551024
Owens Defense 2.d4 Bb7 3.Bd3 g6,98,192.51020408163265,42.857142857142854
Kings Indian Defense Normal Variation 4.e4 O O 5.e5,98,273.7142857142857,27.55102040816326
Modern Defense with 1 e4...4.h3 Nf6 5.Bd3 O O 6.O O,98,152.4591836734694,37.755102040816325
Grob Opening 1...e5,98,229.0204081632653,43.87755102040816
Birds Opening Froms Gambit,98,154.69387755102042,45.91836734693878
Reti Opening Kingside Fianchetto Variation 2.e4 d6 3.d4,98,298.6326530612245,42.857142857142854
Ruy Lopez Opening Berlin Improved Steinitz Defense 5.Re1,97,42.81443298969072,36.08247422680412
English Opening Reversed Sicilian Closed 3.e3,97,554.2474226804123,37.11340206185567
Sicilian Defense OKelly Venice System 3...e6 4.d4,97,99.3917525773196,36.08247422680412
Petrovs Defense Steinitz Attack 3...exd4 4.e5,96,90.51041666666667,43.75
Reti Opening Kingside Fianchetto Variation 2.e4,96,320.9479166666667,30.208333333333332
Indian Game Knights Variation East Indian Defense 3.b3 Bg7 4.Bb2 O O 5.e3,96,38.90625,45.83333333333333
Kings Indian Attack...3.Bg2 e5 4.d3 Nf6,95,283.6,34.73684210526316
French Defense Normal Variation...4.Nf3 Nf6 5.exd5 exd5,95,181.85263157894738,41.05263157894737
Sicilian Defense 2.Nf3 d6 3.Bc4 Nc6 4.c3,95,259.66315789473686,41.05263157894737
Four Knights Game Spanish Variation 4...d6,95,371.53684210526313,31.57894736842105
Giuoco Piano Game Main Line Birds Attack,95,102.5578947368421,33.68421052631579
Closed Sicilian Defense Grand Prix Attack 3...e6 4.Nf3,95,370.2315789473684,36.84210526315789
Bishops Opening Berlin Defense 3.d3 c6 4.Nf3 d5,94,275.79787234042556,35.1063829787234
Giuoco Piano Game Evans Accepted McDonnell Defense 6.d4 exd4 7.O O,94,55.829787234042556,45.744680851063826
Pirc Defense 2.d4 Nf6,94,214.36170212765958,31.914893617021278
Italian Game Two Knights Modern Bishops Opening 4...h6 5.Nc3,94,283.9574468085106,46.808510638297875
Kings Indian Defense Normal Variation 4.e4 O O 5.Nf3,94,427.4468085106383,28.723404255319153
Nimzowitsch Larsen Attack Modern Variation,94,656.1808510638298,32.97872340425532
Queens Gambit Accepted Old Variation 3...c5 4.Bxc4 cxd4 5.exd4,93,60.17204301075269,39.784946236559136
Philidor Defense Exchange Variation 4.Nxd4 Nf6,93,99.64516129032258,44.086021505376344
Owens Defense 2.d4 Bb7 3.Bd3 e6 4.Nf3,93,564.7956989247311,46.236559139784944
Alekhines Defense Scandinavian Variation 3.exd5 Nxd5,92,280.92391304347825,35.869565217391305
Caro Kann Defense Accelerated Panov Attack 2...d5,92,145.34782608695653,36.95652173913043
Saragossa Opening 1...d5,92,717.5217391304348,38.04347826086957
Kings Gambit Declined Falkbeer Accepted Staunton Charousek Gambit,92,135.02173913043478,45.65217391304348
Giuoco Piano Game Giuoco Pianissimo Italian Four Knights Variation 5...d6 6.Be3 Bb6,91,36.76923076923077,43.956043956043956
Ponziani Opening Jaenisch Counterattack,91,56.42857142857143,39.56043956043956
Grob Opening 1...d5,91,168.46153846153845,38.46153846153847
Nimzowitsch Defense Declined 2...d5,91,462.9340659340659,31.868131868131865
Giuoco Piano Game Main Line Giuoco Pianissimo Variation 5...d6 6.a4,91,180.47252747252747,36.26373626373626
London System...4.c3 cxd4 5.cxd4 Nc6,91,152.0,37.362637362637365
Indian Game Knights Variation East Indian Defense 3.e3 Bg7 4.Be2,90,153.22222222222223,35.55555555555556
Four Knights Game Spanish Variation Classical Variation,90,281.06666666666666,32.22222222222222
Pirc Defense Classical Variation 4...Bg7 5.Bf4 O O,90,353.3333333333333,36.666666666666664
French Defense La Bourdonnais Variation 2...d5 3.Nf3,90,142.92222222222222,47.77777777777778
Scandinavian Defense Mieses Kotrc Main Line...5.Nf3 Bf5 6.Bc4 e6,90,190.36666666666667,36.666666666666664
Giuoco Piano Game...5.d3 O O 6.h3 d6,89,468.8988764044944,31.46067415730337
Pirc Defense Maroczy Defense,89,116.12359550561797,35.95505617977528
Queens Pawn Opening 1...d5 2.e3 c5,89,468.75280898876406,23.595505617977526
Alapin Sicilian Defense 2...e5 3.Nf3 Nc6 4.Bc4,89,68.29213483146067,32.58426966292135
French Defense Exchange Variation 3...exd5,89,88.67415730337079,40.44943820224719
Nimzowitsch Larsen Attack Indian Variation...3.g3 Bg7 4.Bg2 O O,89,168.43820224719101,26.96629213483146
Nimzowitsch Larsen Attack 1...g6 2.Bb2 Nf6,89,273.02247191011236,39.325842696629216
Scandinavian Defense Mieses Kotrc Main Line 4.d4 Nf6 5.Nf3 c6,89,158.58426966292134,42.69662921348314
Four Knights Game Scotch Variation Accepted 5.Nxd4 Bb4 6.Nxc6 bxc6,88,179.76136363636363,47.72727272727273
Old Benoni Defense 2.e3,88,183.70454545454547,40.909090909090914
Scotch Game Scotch Gambit Dubois Reti Defense,88,104.38636363636364,48.86363636363637
French Defense La Bourdonnais Variation 2...d5,88,153.3068181818182,30.681818181818183
Reti Opening,88,169.98863636363637,39.77272727272727
Caro Kann Defense Accelerated Panov Attack,88,108.81818181818181,42.04545454545455
Nimzowitsch Defense Declined Williams Variation 3.d4,88,68.77272727272727,40.909090909090914
Giuoco Piano Game Main Line Giuoco Pianissimo Variation 5...d6 6.h3,87,141.66666666666666,45.97701149425287
Four Knights Game Spanish Variation...5.d4 exd4 6.Nxd4 Bd7 7.O O,87,268.2528735632184,42.5287356321839
English Opening Great Snake Variation 2.e4 Bg7,87,301.95402298850576,21.839080459770116
Caro Kann Defense 2.Nf3,87,220.31034482758622,35.63218390804598
Vienna Game Max Lange Defense 3.Bc4 Bc5 4.d3 d6,87,57.3448275862069,31.03448275862069
Old Benoni Defense 2.dxc5 e6,87,87.9080459770115,37.93103448275862
Four Knights Game Scotch Variation Accepted 5.Nxd4 Bb4,87,321.264367816092,33.33333333333333
Benoni Defense Modern Kings Pawn Line,87,185.49425287356323,33.33333333333333
Pirc Defense Main Line Austrian Attack,86,186.47674418604652,34.883720930232556
Scotch Game Goring Gambit,86,259.1279069767442,43.02325581395349
Scandinavian Defense Mieses Kotrc Variation 3.Nc3 Qd8 4.d4 Nf6,85,215.50588235294117,32.94117647058823
French Defense Exchange Variation 3...exd5 4.Nf3 Nf6,85,77.48235294117647,48.23529411764706
French Defense,85,307.25882352941176,23.52941176470588
Queens Pawn Opening 1...d5 2.e3,85,431.4117647058824,31.76470588235294
English Opening Anglo Indian Kings Indian Defense...5.O O d6 6.Nc3 Nbd7,85,58.529411764705884,27.058823529411764
Indian Game Knights Variation East Indian Defense...4.Be2 O O 5.O O d6 6.c4,85,49.55294117647059,31.76470588235294
Caro Kann Defense Advance Botvinnik Carls Defense 4.c3 Nc6 5.Nf3,85,152.0705882352941,37.64705882352941
Ponziani Opening Jaenisch Breyer Opening 4...d5,84,293.6309523809524,40.476190476190474
Ruy Lopez Opening Old Steinitz Defense 4.d4 exd4 5.Nxd4 Bd7 6.Nc3,84,290.23809523809524,44.047619047619044
Grob Opening,84,67.33333333333333,38.095238095238095
Scandinavian Defense Mieses Kotrc Main Line 4.d4 Nf6 5.Nf3 Bg4,84,92.07142857142857,44.047619047619044
Pirc Defense Main Line 4.Be3 Bg7 5.f3 Nbd7,83,305.144578313253,30.120481927710845
Kings Gambit Accepted Cunningham Defense 4.Bc4,83,190.04819277108433,43.373493975903614
Grob Opening Grob Gambit with 2 Bg2...d5,83,204.26506024096386,31.32530120481928
Anderssen Opening 1...g6,83,156.09638554216866,36.144578313253014
Scandinavian Defense Mieses Kotrc Main Line 4.d4,83,346.66265060240966,32.53012048192771
Owens Defense 2.Nc3 Bb7,83,159.16867469879517,32.53012048192771
Kings Indian Defense Normal Variation 4.Nf3 d6 5.e3,82,173.8048780487805,32.926829268292686
Philidor Defense 3.Bc4 Be7,82,199.71951219512195,43.90243902439025
Reti Opening Kings Indian Attack Symmetrical Defense 3.Bg2 Bg7 4.O O d6 5.d3,82,397.8414634146341,32.926829268292686
Kings Indian Defense Advance Anti Grunfeld Variation 3...Bg7,81,277.17283950617286,33.33333333333333
Italian Game Hungarian Defense 4.d4 exd4 5.c3 Nf6 6.e5,81,202.93827160493828,45.67901234567901
Vienna Game Main Line 4.fxe5 Nxe4,81,197.2469135802469,38.2716049382716
Alapin Sicilian Defense 2...e6 3.d4,81,52.97530864197531,35.80246913580247
Kings Indian Defense Normal Variation...5.Bf4 d6 6.e3 Nbd7 7.Be2,81,64.79012345679013,20.98765432098765
Caro Kann Defense Classical Variation,81,407.30864197530866,35.80246913580247
Owens Defense...3.Nc3 e6 4.Nf3 Bb4,80,208.4125,33.75
Sicilian Defense OKelly Maroczy Bind Paulsen Line 4.Nc3 Nc6,80,273.65,33.75
Kings Indian Defense Normal Smyslov Variation 5...Nbd7,80,63.975,13.750000000000002
Nimzowitsch Larsen Attack Modern Variation...3.e3 d5 4.Bb5 Bd6 5.Nf3,80,241.1875,42.5
Reti Opening 1...d5,80,204.5,45.0
Sicilian Defense Wing Gambit,80,277.4875,35.0
Scandinavian Defense Mieses Kotrc Variation 3.Nf3,80,54.2,40.0
Vienna Game Max Lange Vienna Gambit 3...exf4,79,207.40506329113924,34.177215189873415
Kings Fianchetto Opening 1...e5,79,104.9493670886076,31.645569620253166
Ruy Lopez Opening Old Steinitz Defense 4.d4 Bd7,79,223.22784810126583,40.50632911392405
Benoni Defense Modern Variation,79,184.9367088607595,27.848101265822784
Benoni Defense Modern Variation 4.Nc3 d6,79,322.0,35.44303797468354
Kings Indian Defense Orthodox Variation 6...Nbd7 7.Be3,78,59.756410256410255,32.05128205128205
French Defense Knight Variation Two Knights Variation 3...Nf6 4.exd5 exd5,78,83.52564102564102,33.33333333333333
Italian Game Two Knights Modern Bishops Opening,78,253.02564102564102,35.8974358974359
Queens Pawn Opening...4.Nf3 Nf6 5.O O O O 6.c4,78,58.03846153846154,26.923076923076923
Queens Pawn Opening Tartakower Variation 2...Nd7 3.e4 e5,78,303.0128205128205,38.46153846153847
Nimzowitsch Larsen Attack Modern Variation 2.Bb2 Nc6 3.Nf3 e4,78,60.58974358974359,41.02564102564102
Petrovs Defense 3.d3 Nc6 4.Be2,78,291.3205128205128,44.871794871794876
Indian Game Knights Variation East Indian Defense 3.e3 Bg7,77,286.8181818181818,37.66233766233766
Scotch Game Scotch Gambit 4...d6 5.Nxd4 Nf6,77,267.8051948051948,45.45454545454545
Sicilian Defense Kronberger Variation,77,87.66233766233766,37.66233766233766
Queens Pawn Opening Chigorin Variation 2...Nf6 3.Nf3,77,690.2207792207793,20.77922077922078
Caro Kann Defense Exchange Variation 3...cxd5 4.Nf3 Nc6 5.c3,76,252.3684210526316,25.0
Italian Game Knight Attack Ulvestad Variation,76,218.02631578947367,32.89473684210527
Alapin Sicilian Defense 2...e6 3.d4 cxd4 4.cxd4,76,200.3684210526316,47.368421052631575
Giuoco Piano Game Center Attack 5...exd4 6.e5 d5,76,192.1184210526316,36.84210526315789
Center Game Accepted Paulsen Berger Variation,75,96.49333333333334,48.0
Modern Defense with 1 d4...3.e4 e6 4.Nc3 Ne7,75,324.49333333333334,40.0
Modern Defense Standard Pseudo Austrian Attack...5.Nf3 b5 6.Bd3 Nd7,75,429.32,40.0
Four Knights Game Scotch Variation Accepted 5.Nxd4 Bb4 6.Nxc6,75,97.48,41.333333333333336
English Opening Great Snake Variation 2.Nc3 Bg7 3.e4 d6,75,431.0133333333333,33.33333333333333
Four Knights Game Spanish Variation Ranken Variation,75,85.74666666666667,38.666666666666664
Dutch Defense 2.Nf3 Nf6 3.Bf4,75,67.36,37.333333333333336
Reti Opening Nimzo Larsen Variation...3.Bb2 Bg7 4.e3 O O,75,46.46666666666667,36.0
Pirc Defense 2.d4 Nf6 3.Nc3 Nc6,74,200.93243243243242,40.54054054054054
Caro Kann Defense Advance Botvinnik Carls Defense 4.Nf3 Nc6,74,286.0405405405405,25.675675675675674
Pirc Defense...3.Bd3 g6 4.Nf3 Bg7,74,303.1756756756757,39.189189189189186
French Defense La Bourdonnais Reuter Gambit,74,52.013513513513516,40.54054054054054
Kings Fianchetto Opening 1...d5 2.Bg2 Nf6,74,432.55405405405406,36.486486486486484
Ruy Lopez Opening Classical Defense 4.O O d6 5.c3,74,73.82432432432432,33.78378378378378
Italian Game Hungarian Defense 4.d4 exd4 5.c3 Nf6,73,154.78082191780823,45.20547945205479
Ruy Lopez Opening Classical Defense 4.O O d6,73,98.47945205479452,31.506849315068493
Giuoco Piano Game Center Attack Mason Gambit 6...Nxe4 7.cxd4,73,244.63013698630138,35.61643835616438
French Defense Advance Variation 3...Ne7,73,761.986301369863,23.28767123287671
Kings Gambit Accepted Fischer Defense 4.d4 g5 5.h4,73,59.602739726027394,45.20547945205479
Reti Opening Kingside Fianchetto Variation 2.g3 Bg7 3.d4,73,203.02739726027397,27.397260273972602
Caro Kann Defense Exchange Variation...4.Bd3 Nc6 5.Nf3 Bg4,73,41.945205479452056,39.726027397260275
Modern Defense with 1 d4 2.Nf3 Bg7 3.Bf4,72,162.0,41.66666666666667
Giuoco Piano Game 4.Nc3,72,282.52777777777777,38.88888888888889
Queens Pawn Opening Blackmar Blackmar Diemer Gambit 3...Nf6,72,237.66666666666666,45.83333333333333
Ponziani Opening 3...d5,72,323.69444444444446,43.05555555555556
Alapin Sicilian Defense 2...Nc6 3.Nf3,72,212.81944444444446,43.05555555555556
Modern Defense with 1 d4 2.c3,72,224.65277777777777,27.77777777777778
French Defense Advance Paulsen Euwe Variation,72,314.2083333333333,40.27777777777778
Italian Game Knight Attack Polerio Bishop Check Line 6...c6 7.dxc6 bxc6 8.Bd3,72,445.06944444444446,48.61111111111111
Kings Gambit Accepted Fischer Defense 4.d4 g5 5.h4 g4,72,193.81944444444446,33.33333333333333
Kings Indian Defense 3.Nf3 Bg7 4.e3,72,61.43055555555556,27.77777777777778
Birds Opening 1...c5 2.Nf3 Nc6 3.e3,72,32.69444444444444,25.0
Queens Pawn Opening Zukertort Chigorin Variation 3.e3,72,623.3333333333334,40.27777777777778
Nimzowitsch Larsen Attack 1...g6 2.Bb2,71,253.46478873239437,30.985915492957744
Italian Game 3...d6 4.d4 Bg4,71,118.40845070422536,36.61971830985916
Clemenz Opening 1...e5,71,53.647887323943664,40.845070422535215
English Opening Four Knights Kingside Fianchetto Line 4...Bc5 5.Bg2 d6 6.O O,71,317.056338028169,47.88732394366197
Indian Game Spielmann Indian Variation 3.d5 e6 4.Nc3,71,51.46478873239437,36.61971830985916
Sicilian Defense Old Sicilian Variation 3.c4,71,84.29577464788733,35.2112676056338
Sicilian Defense Open Pelikan and Sveshnikov Retreat Variation 6...Bb4,71,496.76056338028167,36.61971830985916
Nimzowitsch Larsen Attack Modern Variation 2.Bb2 Nc6 3.Nf3,71,218.1549295774648,30.985915492957744
English Opening Kings English Variation 2.b3 Nc6 3.Bb2,71,462.49295774647885,35.2112676056338
Modern Defense Standard Pseudo Austrian Attack 4...e6 5.Nf3 Ne7 6.Be3,70,72.34285714285714,35.714285714285715
Old Benoni Defense 2.c3,70,229.18571428571428,31.428571428571427
Old Benoni Defense Benoni Indian Defense 3.Nc3 e6,70,406.1714285714286,45.714285714285715
Kings Gambit Accepted Fischer Defense 4.Bc4 h6,70,49.7,30.0
Caro Kann Defense Panov Attack,70,340.54285714285714,24.285714285714285
English Opening Reversed Sicilian Three Knights System,69,326.0,37.68115942028986
Modern Defense Standard Pseudo Austrian Attack 4...Nd7 5.Nf3,69,54.44927536231884,33.33333333333333
Giuoco Piano Game Main Line Albin Gambit 5...d6 6.d4 exd4,69,87.1304347826087,30.434782608695656
Indian Game East Indian London System 3...Bg7 4.e3 d6 5.c3,69,57.89855072463768,42.028985507246375
Giuoco Piano Game 4.O O Nf6 5.d3 O O 6.Bg5,69,45.11594202898551,49.275362318840585
Indian Game East Indian London System...5.Be2 d6 6.O O Nbd7,69,591.0869565217391,24.637681159420293
Indian Game Knights Variation East Indian Defense...4.e4 d6 5.Bc4 O O,69,79.7536231884058,27.536231884057973
English Opening Reversed Sicilian Closed 3.g3 Bc5 4.Bg2 d6 5.e3,69,444.3623188405797,33.33333333333333
Pirc Defense Czech Defense 4.f4 g6 5.Nf3 Bg7 6.Bd3,68,100.94117647058823,35.294117647058826
Alekhines Defense Scandinavian Variation 3.exd5 Nxd5 4.Nxd5 Qxd5 5.d4,68,221.11764705882354,36.76470588235294
Scotch Game Classical Paulsen Attack,68,181.98529411764707,42.64705882352941
Vienna Game Falkbeer Variation,68,558.8676470588235,32.35294117647059
Reti Opening Reti Gambit Declined Advance Variation 3.e3,68,290.79411764705884,42.64705882352941
Queens Pawn Opening Krause Variation,68,389.3529411764706,26.47058823529412
Four Knights Game Scotch Variation 4...Bb4,67,66.38805970149254,46.26865671641791
Caro Kann Defense Advance Botvinnik Carls Defense 4.c3,67,222.47761194029852,40.298507462686565
English Opening Great Snake Variation 2.Nc3 Bg7,67,328.44776119402985,31.343283582089555
Sicilian Defense Smith Morra Gambit,67,130.26865671641792,44.776119402985074
French Defense St George Defense 3.Nf3,67,218.2537313432836,28.35820895522388
Giuoco Piano Game Center Attack Greco Attack 7...Nxe4,67,492.5820895522388,44.776119402985074
Giuoco Piano Game Giuoco Pianissimo Variation,67,185.37313432835822,26.865671641791046
Modern Defense with 1 e4 2.Bc4 Bg7 3.Qf3 e6 4.d4,67,186.29850746268656,35.82089552238806
Scotch Game Scotch Gambit 4...d6 5.Nxd4 Nf6 6.Nc3,67,115.3731343283582,44.776119402985074
Sicilian Defense Old Sicilian Variation,66,236.65151515151516,39.39393939393939
Mieses Opening 1...c5,66,102.1969696969697,31.818181818181817
Pirc Defense...3.f4 g6 4.Nf3 Bg7 5.Bc4,66,60.303030303030305,39.39393939393939
Scotch Game Scotch Gambit Dubois Reti Advance Variation 5...d5,66,85.4090909090909,50.0
Old Benoni Defense Franco Benoni Defense 3...exd5 4.exd5 d6,66,216.72727272727272,36.36363636363637
Caro Kann Defense Advance Variation 3...Bf5 4.c4 e6,66,196.27272727272728,39.39393939393939
Sicilian Defense Staunton Cochrane Variation 2...Nc6 3.Nc3 g6,66,494.8181818181818,25.757575757575758
Sicilian Defense Nyezhmetdinov Rossolimo Attack 3...e6 4.Nc3,66,215.66666666666666,37.878787878787875
Petrovs Defense 3.d3 Nc6 4.Be2 d5,66,126.53030303030303,30.303030303030305
Italian Game Two Knights Open,66,87.36363636363636,42.42424242424242
Kings Fianchetto Opening 1...e5 2.Bg2 Nc6,66,354.95454545454544,42.42424242424242
Sicilian Defense Nyezhmetdinov Rossolimo Attack 3...a6 4.Bxc6 bxc6,65,75.98461538461538,36.92307692307693
Sicilian Defense Smith Morra Gambit...3.Qxd4 Nc6 4.Qd1 Nf6,65,76.75384615384615,36.92307692307693
Anderssen Opening 1...e5,65,205.26153846153846,33.84615384615385
Scotch Game Scotch Gambit Dubois Reti Advance Variation,65,83.21538461538462,52.307692307692314
Owens Defense 2.d4 Bb7 3.Bd3,65,346.16923076923075,38.46153846153847
Slav Defense Modern Exchange Variation 4...cxd5 5.Nc3 Nc6,65,219.04615384615386,29.230769230769234
Ruy Lopez Opening Morphy Defense,65,362.75384615384615,56.92307692307692
Scandinavian Defense Mieses Kotrc Main Line 4.Nf3,65,211.41538461538462,43.07692307692308
Italian Game Hungarian Defense 4.c3 Nf6,64,89.359375,29.6875
Kings Indian Defense Normal Variation 4.Bf4 O O,64,211.921875,34.375
Nimzowitsch Defense 2.Nc3 Nf6,64,360.0,35.9375
Birds Opening Dutch Variation 2.Nf3 c5 3.e3 Nc6,64,208.21875,35.9375
Indian Game East Indian Anti Nimzo Indian Variation...5.cxd5 g6 6.Nc3 Bg7 7.e4,64,63.328125,29.6875
Bishops Opening Berlin Defense 3.d3,64,484.890625,42.1875
Modern Defense with 1 d4 2.c4 Bg7 3.e4 e6,64,50.984375,42.1875
Mieses Opening 1...d5 2.g3,63,305.3015873015873,36.507936507936506
Closed Sicilian Defense Traditional Line 3.Nf3 g6 4.d4,63,38.44444444444444,31.746031746031743
Pirc Defense Main Line 4.Be3 Bg7 5.Qd2 O O,63,219.4126984126984,38.095238095238095
Kings Indian Defense Normal Variation 4.e4 O O 5.f3,63,197.88888888888889,33.33333333333333
Kings Indian Defense Normal Variation...5.Bf4 d6 6.e3 Nbd7,63,207.76190476190476,30.158730158730158
Indian Game...3.Bd3 Bg7 4.f4 d6 5.Nf3,63,52.12698412698413,38.095238095238095
Nimzowitsch Larsen Attack Indian Variation,63,371.42857142857144,26.984126984126984
English Opening Symmetrical Anti Benoni Variation...5.e4 O O 6.d5 e6,63,83.84126984126983,26.984126984126984
Ruy Lopez Opening Fianchetto Defense 4.O O,63,401.46031746031747,46.03174603174603
Lion Defense 4.Nf3,63,43.523809523809526,31.746031746031743
Four Knights Game Scotch Variation Accepted 5.Nxd4,63,74.9047619047619,52.38095238095239
Ruy Lopez Opening Berlin Defense,63,123.60317460317461,36.507936507936506
Reti Opening Kings Indian Attack Symmetrical Defense 3.Bg2 Bg7 4.d3 O O 5.O O,63,487.58730158730157,34.92063492063492
Pirc Defense Classical Quiet System 5...O O 6.O O Nbd7,62,48.83870967741935,35.483870967741936
Pirc Defense...5.O O O O 6.c3 Nbd7,62,192.38709677419354,40.32258064516129
Italian Game Hungarian Defense 4.c3,62,54.62903225806452,41.935483870967744
Italian Game Hungarian Defense,62,655.1774193548387,35.483870967741936
Owens Defense 2.d4 Bb7 3.Nc3 e6 4.Nf3,62,197.80645161290323,45.16129032258064
Owens Defense...3.Bd3 e6 4.Nf3 Nf6,62,222.48387096774192,30.64516129032258
Kings Gambit Accepted Schallopp Defense 4.e5 Nh5,62,828.5322580645161,38.70967741935484
English Opening Anglo Indian Kings Indian Defense...5.O O d6 6.Nc3 Nbd7 7.d3,62,56.483870967741936,24.193548387096776
English Opening Mikenas Carls Sicilian Nei Gambit 5.Nf3 Nc6 6.d4 cxd4 7.Nxd4,62,241.43548387096774,40.32258064516129
Modern Defense with 1 d4 2.Bf4,62,185.0,40.32258064516129
Giuoco Piano Game Evans Gambit,62,260.258064516129,33.87096774193548
Nimzowitsch Defense Declined 2...d5 3.exd5 Qxd5 4.Nc3,62,194.17741935483872,41.935483870967744
Scandinavian Defense Modern Marshall Variation 4.Nf3 Bf5,61,61.01639344262295,42.62295081967213
Scandinavian Defense Mieses Kotrc Variation 3.Nf3 Nf6 4.d4,61,703.0983606557377,36.0655737704918
Giuoco Piano Game 4.O O,61,112.9672131147541,32.78688524590164
Pirc Defense...4.c3 Bg7 5.Nf3 O O,61,52.50819672131148,31.147540983606557
Ponziani Opening Ponziani Countergambit,61,290.72131147540983,31.147540983606557
Colle System,61,99.77049180327869,36.0655737704918
Scotch Game Scotch Gambit,61,236.327868852459,44.26229508196721
Philidor Defense 3.Nc3,61,98.91803278688525,55.73770491803278
Kings Fianchetto Opening...2.Bg2 Nf6 3.d3 d5 4.Nf3,61,72.77049180327869,42.62295081967213
Modern Defense with 1 e4...3.c3 d6 4.f4 Nf6 5.Bd3,60,44.21666666666667,43.333333333333336
Kings Pawn Opening 1...e5 2.Qg4 Nf6,60,27.7,36.666666666666664
Bishops Opening Berlin Vienna Hybrid Variation 4...Bb4,60,150.83333333333334,50.0
Giuoco Piano Game Main Line Giuoco Pianissimo Variation 5...d6 6.Bg5 h6,60,595.65,40.0
Modern Defense with 1 d4 2.c4 Bg7 3.Nc3,60,224.98333333333332,15.0
Modern Defense Three Pawns Pterodactyl Defense,60,42.63333333333333,38.333333333333336
English Opening Symmetrical Variation...3.d4 cxd4 4.Nxd4 e5,60,58.93333333333333,36.666666666666664
Queens Pawn Opening Mikenas Lithuanian Variation 4.e4,60,202.86666666666667,43.333333333333336
Reti Opening Black Mustang Defense 2.g3 e5 3.d3 d5,60,223.98333333333332,35.0
Reti Opening Kings Indian Attack Symmetrical Defense 3.Bg2 Bg7 4.O O d6,60,205.08333333333334,21.666666666666668
Modern Defense with 1 e4 2.d4 d6,60,215.36666666666667,28.333333333333332
Vienna Game Max Lange Fyfe Gambit,60,95.8,33.33333333333333
Reti Opening Queenside Fianchetto Variation 2.e4 Bb7,60,79.83333333333333,36.666666666666664
French Defense Queens Knight Variation,60,54.03333333333333,35.0
Queens Pawn Opening Wade Defense 3.e4 Nf6 4.Nc3,60,361.6666666666667,41.66666666666667
Old Benoni Defense 2.d5,59,269.0169491525424,37.28813559322034
Scotch Game Scotch Gambit Haxo Gambit,59,106.05084745762711,38.983050847457626
Nimzowitsch Larsen Attack Classical Variation 2.Bb2,59,260.1694915254237,37.28813559322034
Nimzowitsch Defense Scandinavian Exchange Variation 4.Nf3,59,261.6271186440678,35.59322033898305
Caro Kann Defense Accelerated Panov Open,59,440.1864406779661,32.20338983050847
Pirc Defense 2.d4 Nf6 3.Bd3 g6,59,87.38983050847457,28.8135593220339
Pirc Defense Main Line 4.Be3 Bg7 5.f3 Nbd7 6.Qd2,59,45.54237288135593,35.59322033898305
Alapin Sicilian Defense,59,387.0169491525424,47.45762711864407
Scandinavian Defense Mieses Kotrc Variation,59,863.7796610169491,40.67796610169492
Queens Pawn Opening Zukertort Chigorin Variation 3.Bf4 Bf5 4.e3,59,262.3050847457627,35.59322033898305
Kings Indian Defense Orthodox Variation,58,51.258620689655174,31.03448275862069
Caro Kann Defense...6.Bb5 Bd7 7.Nxd7 Qxd7,58,218.17241379310346,31.03448275862069
Petrovs Defense Three Knights Game 3...Bb4 4.Bc4,58,422.5689655172414,36.206896551724135
Kings Indian Defense Normal Variation,58,41.6551724137931,34.48275862068966
Grob Opening Grob Gambit Hurst Attack,58,436.94827586206895,29.310344827586203
French Defense Advance Paulsen Main Line 6...cxd4 7.cxd4,58,248.75862068965517,39.6551724137931
Queens Pawn Opening English Defense 3.Nc3 Bb4 4.e4 Bb7,57,339.140350877193,35.08771929824561
Indian Game 2.c4,57,230.19298245614036,38.59649122807017
Kings Gambit Accepted Blachly Gambit,57,383.03508771929825,35.08771929824561
Modern Defense with 1 e4...4.Bd3 Nf6 5.O O O O 6.Re1,57,34.87719298245614,28.07017543859649
Nimzowitsch Defense Declined...3.exd5 Qxd5 4.Nc3 Qa5 5.d4,57,154.12280701754386,26.31578947368421
Modern Defense Standard Pseudo Austrian Attack 4...Nd7,57,218.05263157894737,29.82456140350877
Queens Pawn Opening 1...d5,57,494.3333333333333,36.84210526315789
Sicilian Defense 2.Nf3,56,93.60714285714286,37.5
Sicilian Defense Kramnik Variation 3...Nc6 4.Nc3,56,46.142857142857146,37.5
Alekhines Defense 2.e5,56,92.73214285714286,41.07142857142857
Scandinavian Defense Mieses Kotrc Variation 3.Nc3 Qe5,56,92.82142857142857,42.857142857142854
Indian Game Czech Indian Variation,56,302.875,28.57142857142857
English Opening Kings English Variation 2.g3,56,314.67857142857144,33.92857142857143
Bishops Opening Berlin Vienna Hybrid Variation 4...Be7 5.f4 d6 6.Nf3,56,61.17857142857143,41.07142857142857
Slav Defense Modern Line,55,77.63636363636364,25.454545454545453
Birds Opening Swiss Gambit 2...fxe4,55,230.45454545454547,47.27272727272727
Modern Defense Standard Line 3...d6 4.Bc4,55,69.14545454545454,45.45454545454545
Birds Opening Froms Gambit 2.fxe5,55,337.3636363636364,18.181818181818183
Alekhines Defense Two Pawns Attack 3...Nb6 4.d4,55,224.6,43.63636363636363
Bishops Opening Boi Variation 3.Nc3,55,34.89090909090909,43.63636363636363
Van t Kruijs Opening 1...c5,55,305.25454545454545,23.636363636363637
Owens Defense...3.Nc3 e6 4.Nf3 Bb4 5.Bd3,55,253.54545454545453,50.90909090909091
Kings Gambit Declined Queens Knight Miles Defense,55,49.61818181818182,45.45454545454545
Three Knights Opening Steinitz Defense 4.Bc4 Bg7,55,250.8909090909091,41.81818181818181
Birds Opening Dutch Variation 2.e3 g6 3.Nf3,55,249.23636363636365,32.72727272727273
Pirc Defense Classical Schlechter Variation,55,49.127272727272725,47.27272727272727
English Opening Anglo Indian Queens Knight Variation 2...c6 3.e4 e5 4.Nf3,54,336.8333333333333,25.925925925925924
Giuoco Piano Game Giuoco Pianissimo Italian Four Knights Variation 5...h6,54,253.74074074074073,27.77777777777778
Scandinavian Defense Mieses Kotrc Variation 3.Nc3 Qd8 4.d4 c6,54,138.11111111111111,29.629629629629626
Sicilian Defense Open Dragon Variation 6.Be3 Bg7,54,457.01851851851853,33.33333333333333
Benoni Defense Modern Variation 4.Nc3 exd5 5.cxd5 g6 6.e4,54,78.5925925925926,33.33333333333333
Ruy Lopez Opening Berlin Defense 4.d3 Bc5 5.Nc3,54,111.22222222222223,31.48148148148148
Alekhines Defense Modern Larsen Variation,54,106.05555555555556,29.629629629629626
Closed Sicilian Defense Traditional Line 3.Bc4,54,581.2777777777778,42.592592592592595
Alapin Sicilian Defense 2...e5 3.Nf3 Nc6,53,417.3207547169811,41.509433962264154
English Opening Kings English Variation 2.d3 Nf6,53,237.8490566037736,41.509433962264154
Bishops Opening Berlin Vienna Hybrid Variation 4...Bc5 5.f4,53,71.11320754716981,33.9622641509434
Giuoco Piano Game Main Line Giuoco Pianissimo Variation 5...d6 6.h3 a6,53,113.67924528301887,41.509433962264154
Italian Game Traxler Bishop Sacrifice Line 5...Ke7,53,94.77358490566037,58.490566037735846
Indian Game East Indian Przepiorka Variation...4.Bg2 O O 5.O O d6 6.c3,52,854.1538461538462,15.384615384615385
Queens Gambit Accepted Accelerated Mannheim Variation,52,367.6730769230769,38.46153846153847
Giuoco Piano Game Main Line Giuoco Pianissimo Variation 5...a6 6.Bb3 d6 7.h3,52,40.53846153846154,25.0
Scandinavian Defense Mieses Kotrc Variation...4.d4 Nf6 5.Nf3 Bg4,52,305.21153846153845,32.69230769230769
Slav Defense Exchange Symmetrical Line 7.e3,52,41.42307692307692,42.30769230769231
Modern Defense with 1 d4 2.Nf3 Bg7 3.e3,52,82.5576923076923,28.846153846153843
Kings Indian Defense Normal Variation 4.e4 O O 5.Be3 d6,52,614.1923076923077,34.61538461538461
Scotch Game Scotch Gambit Haxo Gambit 5.O O d6,52,625.5576923076923,34.61538461538461
Closed Sicilian Defense Grand Prix Attack 3...g6 4.Nf3 Bg7,52,223.28846153846155,40.38461538461539
Caro Kann Defense Exchange Variation...4.Bf4 Nc6 5.c3 Nf6 6.Bd3,52,754.9230769230769,28.846153846153843
Pirc Defense 2.g3 g6 3.Bg2 Bg7,52,56.17307692307692,40.38461538461539
Ruy Lopez Opening Berlin Beverwijk Zukertort Gambit,52,226.23076923076923,50.0
Four Knights Game 4.Be2,52,66.71153846153847,34.61538461538461
Kings Indian Defense Orthodox Variation 6...Nbd7 7.Bg5 h6 8.Bh4,51,49.294117647058826,25.49019607843137
Italian Game 3...d6 4.d4,51,670.7647058823529,50.98039215686274
Reti Opening Black Mustang Defense 2.g3,51,136.3921568627451,35.294117647058826
Modern Defense Three Pawns Pterodactyl Defense 4.d5 d6 5.Nf3,51,237.6078431372549,37.254901960784316
Reti Opening Kings Indian Attack Symmetrical Defense...4.d3 O O 5.e4 d6 6.O O,51,77.11764705882354,29.411764705882355
Old Benoni Defense 2.c3 cxd4 3.cxd4,51,99.29411764705883,31.372549019607842
Scotch Game Goring Gambit Declined,51,25.470588235294116,50.98039215686274
Four Knights Game Gunsberg Variation,51,69.11764705882354,35.294117647058826
Scandinavian Defense Mieses Kotrc Gubinsky Melts Defense,51,244.05882352941177,39.21568627450981
English Opening Symmetrical Variation 2.Nf3 Nc6 3.d4 cxd4 4.Nxd4,51,648.5098039215686,31.372549019607842
Queens Gambit Accepted Old Variation...6.Nf3 Nf6 7.O O O O 8.Nc3,51,68.58823529411765,45.09803921568628
Kings Pawn Opening Kings Knight Konstantinopolsky Variation,51,129.7843137254902,35.294117647058826
Pirc Defense Classical Variation 4...Bg7 5.Bf4,51,254.2156862745098,41.17647058823529
English Opening Anglo Indian Kings Indian Defense 3.g3 Bg7 4.Bg2 O O 5.Nc3,51,44.568627450980394,33.33333333333333
Torre Attack Fianchetto Defense...5.c3 d6 6.e4 Nbd7 7.Bc4,50,464.54,30.0
French Defense Exchange Variation 3...exd5 4.Nf3 Nc6 5.Bb5,50,93.4,44.0
Queens Gambit Declined Austrian Variation 3.cxd5 Qxd5,50,245.54,40.0
Sicilian Defense French Variation 3.d3 Nc6,50,112.52,40.0
Kings Indian Defense Normal Variation 4.e4 O O 5.Bd3 d6,50,42.98,48.0
Sicilian Defense Kramnik Variation 3...d6 4.d4 cxd4 5.Nxd4,50,312.16,34.0
Sicilian Defense Kramnik Variation 3...Nc6 4.d4,50,412.94,38.0
Sicilian Defense Taimanov Variation 5.c4,50,330.92,32.0
English Opening Kings English Variation 2.e3 Nf6 3.Nc3,50,231.58,52.0
Four Knights Game Glek Variation 4...Bc5 5.Bg2 d6 6.d3,50,316.18,32.0
Giuoco Piano Game Center Attack 5...exd4,50,67.24,38.0
Giuoco Piano Game Center Attack,49,827.3265306122449,46.93877551020408
Queens Pawn Opening Zukertort Chigorin Variation 3.Bf4 Bf5 4.e3 e6,49,84.77551020408163,30.612244897959183
Sicilian Defense 2.Nf3 d6 3.Bc4 Nc6,49,82.51020408163265,44.89795918367347
Sicilian Defense McDonnell Attack 2...Nc6 3.Nf3 e6 4.Bb5,49,445.3469387755102,38.775510204081634
Kings Gambit Declined Classical Variation 3.Nf3 d6 4.Nc3 Nf6 5.Bc4,49,38.51020408163265,44.89795918367347
Petrovs Defense Steinitz Attack,49,97.91836734693878,38.775510204081634
French Defense Advance Variation 3...b6 4.Nf3,49,692.9591836734694,34.69387755102041
Nimzowitsch Larsen Attack Classical Variation 2.e3 e5,49,464.3469387755102,20.408163265306122
Kings Gambit Accepted Schallopp Defense 4.Nc3 d5 5.exd5 Nxd5,48,252.6875,31.25
Benoni Defense Czech Variation,48,916.4375,31.25
Van Geet Opening 1...Nf6,48,362.25,29.166666666666668
Modern Defense Three Pawns Pterodactyl Defense 4.Nf3,48,43.875,39.58333333333333
Reti Opening Queenside Fianchetto Variation 2.e4,48,260.9791666666667,41.66666666666667
Modern Defense with 1 d4 2.c4 Bg7 3.Nf3,48,59.833333333333336,33.33333333333333
Pirc Defense Modern Defense Geller System 2...Nf6 3.Nc3,48,325.1458333333333,43.75
Danish Gambit Declined Sorensen Defense 4.exd5 Qxd5,48,69.33333333333333,31.25
Old Benoni Defense 2.d5 e6 3.Nc3,48,309.4583333333333,43.75
Old Benoni Defense Franco Benoni Defense 3...exd5,48,749.4791666666666,25.0
Closed Sicilian Defense Grand Prix Attack...6.O O Nf6 7.d3 O O,48,43.104166666666664,45.83333333333333
Bishops Opening Berlin Defense 3.d3 Bc5 4.Nf3,48,436.6458333333333,45.83333333333333
Giuoco Piano Game Giuoco Pianissimo Variation 4...Nf6 5.Bg5 h6,48,247.35416666666666,50.0
Sicilian Defense OKelly Yerevan System 3...e6,47,571.3404255319149,23.404255319148938
Alekhines Defense Four Pawns Attack 5...dxe5 6.fxe5 Nc6,47,255.48936170212767,40.42553191489361
Sicilian Defense Nyezhmetdinov Rossolimo Attack,47,390.82978723404256,46.808510638297875
English Opening Four Knights Kingside Fianchetto Line 4...Bc5 5.Bg2 d6 6.d3,47,58.276595744680854,42.5531914893617
Four Knights Game Scotch Variation,47,89.85106382978724,36.17021276595745
Queens Pawn Opening...3.Bg2 Bg7 4.Nf3 Nf6 5.O O,47,80.74468085106383,25.53191489361702
French Defense Classical Steinitz Variation 4...Nfd7 5.f4 c5 6.Nf3,47,37.276595744680854,29.78723404255319
Modern Defense Standard Two Knights Variation 4...a6,47,38.361702127659576,38.297872340425535
Kings Pawn Opening St George Defense 2.d4,47,512.936170212766,27.659574468085108
English Opening Anglo Indian Defense...3.Bg2 Bg7 4.Nc3 O O 5.d3,47,433.8085106382979,40.42553191489361
Indian Game East Indian London System...5.Nbd2 d6 6.h3 Nbd7,47,59.08510638297872,27.659574468085108
Alapin Sicilian Defense 2...e5 3.Nf3,46,420.5652173913044,54.347826086956516
Scotch Game Dubois Reti Scotch Gambit Janowski Defense 6.Nxd4,46,42.21739130434783,43.47826086956522
Kings Fianchetto Opening Symmetrical Variation 2.Bg2 Bg7 3.f4,46,41.5,36.95652173913043
Sicilian Defense Bowdler Attack,46,271.6304347826087,34.78260869565217
Caro Kann Defense Advance Variation 3...Bf5 4.c3 e6,46,265.30434782608694,23.91304347826087
Queens Gambit Declined Albin Countergambit 3.dxe5,46,40.71739130434783,43.47826086956522
Queens Pawn Opening Zukertort Chigorin Variation 3.e3 Bg4 4.Be2,46,111.65217391304348,34.78260869565217
Modern Defense Standard Line 3...d6 4.Bg5,46,73.91304347826087,23.91304347826087
French Defense Advance Paulsen Attack 5...cxd4 6.cxd4 Nge7,46,247.1304347826087,36.95652173913043
Anderssen Opening 1...Nf6,45,85.68888888888888,26.666666666666668
Sicilian Defense Staunton Cochrane Variation...3.Ne2 Nf6 4.Nbc3 e6,45,545.9777777777778,28.888888888888886
Modern Defense with 1 e4...3.Nf3 d6 4.h3 Nf6,45,53.355555555555554,51.11111111111111
Giuoco Piano Game Center Attack 5...exd4 6.cxd4 Bb4 7.Bd2,45,261.44444444444446,68.88888888888889
Benoni Defense Modern Classical Variation 7...Bg7,45,32.71111111111111,40.0
Bishops Opening Berlin Vienna Hybrid Variation,45,322.9111111111111,24.444444444444443
Birds Opening 1...g6 2.Nf3 Bg7,45,243.44444444444446,28.888888888888886
Scotch Game 3...exd4 4.Nxd4,45,326.4,33.33333333333333
Modern Defense with 1 e4 2.d4 Bg7 3.Be3 d6 4.Qd2,45,56.06666666666667,44.44444444444444
Scotch Game 3...exd4 4.Nxd4 d6,45,74.97777777777777,42.22222222222222
Scotch Game Classical Variation...6.c3 Nge7 7.Bc4 O O 8.O O,45,250.62222222222223,37.77777777777778
Scotch Game Dubois Reti Max Lange Attack,45,314.3777777777778,26.666666666666668
Sicilian Defense Bowdler Attack 2...e6 3.Nc3 a6,45,425.02222222222224,33.33333333333333
Giuoco Piano Game Giuoco Pianissimo Variation 4...Nf6 5.Bb3 d6,45,41.24444444444445,37.77777777777778
Kings Indian Defense Normal Variation 4.Nf3 d6,45,42.8,28.888888888888886
Ruy Lopez Opening Morphy Defense Neo Arkhangelsk Variation 6.c3 O O 7.d4,45,223.15555555555557,31.11111111111111
Kings Pawn Opening Latvian Gambit Accepted,45,84.11111111111111,35.55555555555556
Pirc Defense Main Line Austrian Dragon Formation 6.d5,44,44.56818181818182,29.545454545454547
Indian Game Tartakower Attack 2...c5 3.d5 e6,44,278.09090909090907,25.0
Kings Indian Defense Fianchetto Yugoslav System 5.Nf3 O O 6.Nc3,44,238.86363636363637,47.72727272727273
Sicilian Defense Nyezhmetdinov Rossolimo Fianchetto Variation 4.Bxc6 bxc6 5.d4,44,41.97727272727273,43.18181818181818
Nimzowitsch Defense Scandinavian Exchange Variation 4.Nf3 Bg4,44,255.3409090909091,43.18181818181818
Philidor Defense 3.d4 Qe7,44,30.863636363636363,45.45454545454545
Modern Defense Standard Line 3...d6 4.h3,44,266.97727272727275,38.63636363636363
Van Geet Opening Reversed Nimzowitsch Variation,44,523.4318181818181,36.36363636363637
Sicilian Defense OKelly Venice System...4.d4 d5 5.e5 Nc6,44,96.18181818181819,29.545454545454547
Ponziani Opening Caro Gambit,44,242.11363636363637,36.36363636363637
French Defense Advance Paulsen Attack...6.Bd3 cxd4 7.cxd4 Nf5,44,66.13636363636364,36.36363636363637
Vienna Game Anderssen Defense,44,487.90909090909093,36.36363636363637
Van Geet Opening Reversed Nimzowitsch Variation 2.Nf3,44,361.27272727272725,34.090909090909086
Sicilian Defense McDonnell Attack 2...d6,43,67.5813953488372,44.18604651162791
Pirc Defense Main Line Austrian Weiss Variation 6...Na6,43,49.18604651162791,39.53488372093023
Alekhines Defense Brooklyn Variation 3.d4,43,55.72093023255814,39.53488372093023
Pirc Defense 2.Bc4,43,35.604651162790695,32.55813953488372
Caro Kann Defense Two Knights Attack 3...dxe4 4.Nxe4 Bf5,43,124.4186046511628,37.2093023255814
Alekhines Defense Normal Variation 3.d4 d6 4.f4,43,76.72093023255815,44.18604651162791
Pirc Defense Modern Defense Geller System 2...Nf6 3.Nc3 e5,43,81.20930232558139,39.53488372093023
Sicilian Defense Hyperaccelerated Dragon Variation 3.c3 Bg7 4.d4 cxd4 5.cxd4,43,25.25581395348837,55.81395348837209
Pirc Defense Main Line Austrian Weiss Variation,43,41.51162790697674,37.2093023255814
Reti Opening Sicilian Invitation 2.b3 Nc6 3.Bb2 d5,43,509.51162790697674,32.55813953488372
English Opening Symmetrical Variation 2.g3 Nc6 3.Bg2 e5 4.Nc3,43,70.23255813953489,25.581395348837212
Pirc Defense...3.Bd3 g6 4.c3 Bg7,43,42.883720930232556,37.2093023255814
Queens Pawn Opening...2.g3 g6 3.Bg2 Bg7,43,78.09302325581395,23.25581395348837
Sicilian Defense Open...4.Nxd4 d6 5.c4 Nf6,43,94.76744186046511,37.2093023255814
Benoni Defense Modern Classical New York Variation 8...O O 9.Bd3 Nbd7 10.O O,42,38.04761904761905,50.0
Ponziani Opening Jaenisch Counterattack 4.d4 exd4 5.e5,42,548.0952380952381,26.190476190476193
Queens Gambit Declined Albin Countergambit 3.dxe5 d4 4.Nf3 Nc6,42,89.23809523809524,28.57142857142857
Modern Defense with 1 e4...3.c3 d6 4.f4 Nf6 5.e5,42,294.1666666666667,30.952380952380953
Modern Defense Standard Line...5.Qd2 b5 6.Bd3 Nd7,42,283.64285714285717,19.047619047619047
English Opening Anglo Indian Kings Indian Defense...4.Bb2 O O 5.e3 d6 6.d4 Nbd7,42,57.333333333333336,35.714285714285715
English Opening Anglo Indian Queens Knight Variation...4.Bg2 O O 5.e3 d6 6.Nge2,42,54.07142857142857,23.809523809523807
Sicilian Defense French Variation 3.Nc3 a6 4.g3 Nc6 5.Bg2,42,269.6190476190476,28.57142857142857
Four Knights Game Gunsberg Variation 4...d5 5.Bb5,42,355.85714285714283,33.33333333333333
Kings Pawn Opening Kings Knight Gunderam Defense 3.Nc3 c6 4.d4 d6,42,557.2142857142857,30.952380952380953
Kings Indian Defense Orthodox Variation...8.O O exd5 9.exd5 Re8,42,51.023809523809526,26.190476190476193
Old Benoni Defense Benoni Indian Defense 3.Nc3 e5 4.e4 d6,42,352.73809523809524,38.095238095238095
Kings Indian Defense Fianchetto Debrecen Classical Main Line 8.e3 Re8,42,64.78571428571429,19.047619047619047
Petrovs Defense Steinitz Attack 3...exd4 4.e5 Ne4,42,302.6666666666667,40.476190476190474
Queens Gambit Declined Chigorin Main Line 4.e3,42,53.45238095238095,38.095238095238095
Sicilian Defense Cowboy Attack 2...Nc6 3.Bb2 Nf6,42,133.85714285714286,33.33333333333333
Nimzowitsch Defense Declined Williams Variation 3.d4 Nf6 4.d5,42,585.3333333333334,38.095238095238095
Scandinavian Defense Mieses Kotrc Gubinsky Melts Defense 4.d4,42,98.54761904761905,40.476190476190474
Caro Kann Defense Advance Botvinnik Carls Defense 4.Nf3 cxd4 5.Nxd4,42,276.0,45.23809523809524
Indian Game East Indian London System 3...Bg7 4.c3 O O 5.e3,42,263.2857142857143,40.476190476190474
Pirc Defense Main Line 4.Nge2 Bg7,42,525.5952380952381,26.190476190476193
Caro Kann Defense 2.Nc3 d5 3.f4 dxe4 4.Nxe4,41,45.78048780487805,43.90243902439025
Sicilian Defense Nyezhmetdinov Rossolimo Attack 3...Qb6 4.Nc3,41,552.2439024390244,41.46341463414634
Sicilian Defense Kan Modern Variation...6.O O d6 7.Nc3 Be7,41,48.19512195121951,34.146341463414636
Kings Indian Defense Normal Variation 4.e4 d6,41,71.58536585365853,29.268292682926827
Sicilian Defense French Variation 3.d4 cxd4,41,104.73170731707317,31.70731707317073
Nimzowitsch Larsen Attack Modern Variation 2.Bb2 Nc6 3.e3 d6 4.Nf3,41,46.170731707317074,34.146341463414636
Sicilian Defense Canal Attack 3...Nc6 4.c3,41,575.2439024390244,31.70731707317073
Polish Opening Kings Indian Defense 3.c4 Bg7,41,262.1951219512195,41.46341463414634
Modern Defense with 1 d4...3.c3 d6 4.Bf4 Nd7,41,278.1951219512195,39.02439024390244
Giuoco Piano Game Main Line Albin Gambit 5...d6 6.d4,41,48.390243902439025,39.02439024390244
Modern Defense with 1 e4...4.h3 Nf6 5.Bd3 O O,41,36.46341463414634,34.146341463414636
Queens Gambit Declined Albin Countergambit 3.e3,41,51.73170731707317,46.34146341463415
Closed Sicilian Defense Traditional Line 3.Nf3 g6 4.Bc4 Bg7,41,297.6829268292683,51.21951219512195
Alapin Sicilian Defense...3.d4 d5 4.exd5 exd5,41,971.5121951219512,31.70731707317073
Benoni Defense Modern Classical Variation...8.Bd3 O O 9.O O Bg4 10.h3,41,272.1219512195122,41.46341463414634
Slav Defense Exchange Variation 3...cxd5 4.Nc3 Nc6,41,689.0243902439024,39.02439024390244
Kings Indian Defense Zinnowitz Variation 6...h6 7.Bh4,41,83.07317073170732,31.70731707317073
Pirc Defense Harmonist Variation 2...g6,41,49.53658536585366,34.146341463414636
Closed Sicilian Defense Grand Prix Variation 3...e6 4.Nf3,41,34.97560975609756,46.34146341463415
Alekhines Defense Scandinavian Variation 3.exd5,40,400.175,30.0
Torre Attack Fianchetto Defense...5.c3 d6 6.e4 Nbd7 7.Bd3,40,35.85,45.0
Kings Indian Attack Yugoslav Variation...5.d3 e6 6.c4 dxc4,40,50.025,35.0
Kings Gambit Accepted Modern Abbazia Defense,40,76.65,35.0
Modern Defense Three Pawns Attack 3...d6 4.Nf3 c5,40,45.4,45.0
Alekhines Defense Two Pawns Lasker Variation 4...Nd5,40,58.225,37.5
Alapin Sicilian Defense...5.d4 cxd4 6.cxd4 d6 7.Nc3,40,309.425,42.5
Modern Defense with 1 d4 2.c4 Bg7 3.e4,40,87.5,37.5
Scotch Game Scotch Gambit London Defense 5.c3 dxc3 6.bxc3,40,443.5,32.5
Italian Game Knight Attack Fritz Variation 6.c3 b5,40,335.15,42.5
Indian Game East Indian Przepiorka Variation...5.O O d6 6.Nc3 Nbd7 7.e4,40,72.4,27.500000000000004
Kings Indian Defense Accelerated Averbakh Variation 5...h6,40,55.5,40.0
Kings Pawn Opening Kings Knight Konstantinopolsky Variation 3...Nf6 4.d3 d5 5.exd5,40,210.15,40.0
Sicilian Defense Kramnik Variation...4.Nc3 Nf6 5.d4 cxd4 6.Nxd4,40,60.9,40.0
Ruy Lopez Opening Old Steinitz Defense 4.d4 exd4 5.Nxd4 Bd7,40,40.625,50.0
Benoni Defense Modern Variation 4.Nc3 exd5 5.cxd5,40,84.45,42.5
French Defense Knight Variation 2...d5,40,97.725,35.0
French Defense Steinitz Attack,40,387.825,27.500000000000004
Sicilian Defense Staunton Cochrane Variation 2...Nc6 3.Nc3,40,87.925,35.0
Nimzowitsch Defense Declined,40,512.2,50.0
Kings Gambit Accepted Bonsch Osmolovsky Variation,40,48.8,32.5
Nimzowitsch Larsen Attack Indian Variation 2.Bb2 g6 3.Bxf6 exf6,40,324.45,20.0
Kings Indian Defense Accelerated Averbakh Variation 5...O O 6.Qd2,40,58.975,47.5
Kings Indian Defense 3.Nf3 Bg7 4.e3 O O,40,276.675,32.5
Ponziani Opening Jaenisch Vukovic Gambit,39,334.7435897435897,43.58974358974359
Vienna Game Anderssen Defense 3.Nf3 d6,39,123.43589743589743,33.33333333333333
Modern Defense Pterodactyl Semi Averbakh Variation 4...cxd4 5.Nxd4 Nc6,39,52.794871794871796,35.8974358974359
Sicilian Defense Open Scheveningen Matanovic Attack 6...Nc6 7.Nf3 Be7 8.Bd3,39,36.92307692307692,33.33333333333333
London System 3...c6 4.Nbd2 Bf5 5.e3,39,383.1794871794872,20.51282051282051
Alapin Sicilian Defense...4.e5 d4 5.cxd4 cxd4,39,48.84615384615385,35.8974358974359
Scandinavian Defense Mieses Kotrc Main Line 4.d4 c6 5.Nf3 Bf5,39,251.6153846153846,53.84615384615385
English Opening Symmetrical Two Knights Variation 3.Nf3 e5 4.g3 d6 5.Bg2,39,58.717948717948715,35.8974358974359
Kings Indian Defense Normal Variation 4.Nf3 O O 5.g3,39,291.6923076923077,28.205128205128204
Caro Kann Defense Breyer Variation 2...e5 3.Nf3,39,713.8717948717949,33.33333333333333
Pirc Defense Main Line Byrne Variation 4...Bg7 5.Qd2,39,63.41025641025641,43.58974358974359
Nimzowitsch Larsen Attack Classical Variation 2.Bb2 Bf5,39,41.1025641025641,38.46153846153847
Pirc Defense Main Line Austrian Weiss Variation 6...Bg4 7.h3 Bxf3 8.Qxf3,39,55.43589743589744,48.717948717948715
Italian Game Two Knights Modern Bishops Opening 4...Be7 5.Nc3 d6 6.h3,39,369.9230769230769,28.205128205128204
Closed Sicilian Defense Traditional Line 3.Nf3 e5 4.Bc4,39,71.28205128205128,35.8974358974359
Alekhines Defense Normal Variation 3.d4 Nb6,39,55.97435897435897,28.205128205128204
Scandinavian Defense Mieses Kotrc Variation...4.d4 Nf6 5.Nf3 c6 6.Bc4,39,87.56410256410257,46.15384615384615
Old Benoni Defense Franco Benoni Defense...4.exd5 d6 5.Nc3 Nf6,39,342.43589743589746,43.58974358974359
Italian Game Two Knights Modern Bishops Opening 4...h6 5.c3,39,306.02564102564105,33.33333333333333
Scandinavian Defense Modern Variation 3.d4,39,57.17948717948718,58.97435897435898
Van Geet Opening Reversed Nimzowitsch Variation 2.Nf3 Nc6,39,707.7692307692307,30.76923076923077
Indian Game East Indian London System...4.e3 O O 5.Nbd2 d6,39,279.97435897435895,25.64102564102564
Ruy Lopez Opening Berlin Rio Gambit Accepted,39,71.61538461538461,35.8974358974359
Philidor Defense Exchange Variation 4.Qxd4 Nf6 5.Nc3 Be7,39,664.3333333333334,46.15384615384615
Kings Indian Defense Fianchetto Yugoslav Panno System 6...Nbd7 7.Nc3,39,69.46153846153847,35.8974358974359
Kings Gambit Accepted Schallopp Defense,39,64.46153846153847,41.02564102564102
Philidor Defense Exchange Larsen Variation 5.Nc3 Bg7 6.Be3,38,122.65789473684211,42.10526315789473
Scandinavian Defense Mieses Kotrc Main Line Anderssen Counterattack 5.dxe5,38,1110.9736842105262,31.57894736842105
Caro Kann Defense Exchange Variation...5.c3 Nf6 6.Nf3 Bg4 7.O O,38,62.078947368421055,44.73684210526316
Modern Defense Gurgenidze Variation 3.f4,38,78.47368421052632,34.21052631578947
Ponziani Opening Jaenisch Counterattack 4.d4 exd4 5.e5 Nd5,38,364.86842105263156,36.84210526315789
Sicilian Defense Wing Gambit 2...cxb4 3.d4 d5,38,62.921052631578945,39.473684210526315
Modern Defense Standard Line 3...c6 4.Nf3,38,776.1578947368421,34.21052631578947
Sicilian Defense...3.Bc4 Nc6 4.c3 Nf6,38,115.63157894736842,26.31578947368421
Kings Gambit Accepted Traditional Philidor Gambit Greco Gambit 7.hxg5 hxg5 8.Rxh8 Bxh8 9.Nc3,38,81.63157894736842,28.947368421052634
Kings Indian Defense Normal Variation 4.Nf3 O O 5.Bf4,38,53.78947368421053,31.57894736842105
Birds Opening 1...d6,38,122.65789473684211,7.894736842105263
Modern Defense Standard Pseudo Austrian Attack 4...a6 5.Nf3 Nd7,38,25.473684210526315,47.368421052631575
Danish Gambit Declined Sorensen Defense 4.exd5 Qxd5 5.cxd4 Nc6,38,36.68421052631579,42.10526315789473
Petrovs Defense Classical Attack 5...d5,38,160.60526315789474,36.84210526315789
Kings Fianchetto Opening Reversed Modern Defense,38,84.57894736842105,42.10526315789473
Kings Indian Defense Semi Classical Variation 6...Nbd7 7.O O e5,38,56.473684210526315,28.947368421052634
Old Benoni Defense 2.d5 d6 3.e4 Nf6 4.Nc3,38,73.89473684210526,31.57894736842105
Ruy Lopez Opening Morphy Defense Tarrasch Variation 5...d6,38,658.9473684210526,34.21052631578947
Pirc Defense 2.Nc3 Nf6 3.f4 g6 4.Nf3,38,305.86842105263156,47.368421052631575
Four Knights Game Italian Variation 4...Nxe4 5.Nxe4 d5,38,342.63157894736844,36.84210526315789
Nimzowitsch Larsen Attack Classical Variation 2.Bb2 c5,38,76.63157894736842,23.684210526315788
Sicilian Defense OKelly Venice Steiner Line 4.d4,38,73.05263157894737,23.684210526315788
Kings Indian Defense Orthodox Variation...7.O O exd4 8.Nxd4 Nc6,38,180.76315789473685,42.10526315789473
Kings Indian Defense Normal Variation...5.Nf3 O O 6.g3 Nbd7 7.Bg2,38,292.07894736842104,34.21052631578947
French Defense St George Defense...4.Bd3 c5 5.c3 Bb7,37,34.86486486486486,37.83783783783784
Queens Gambit Declined Semi Slav Defense Accelerated Move Order 4.e3 Nd7 5.Nf3,37,46.189189189189186,45.94594594594595
Nimzowitsch Defense 2.Nc3 Nf6 3.d4,37,632.6756756756756,37.83783783783784
French Defense Advance Paulsen Euwe Variation 6.Be2 Rc8,37,116.8108108108108,37.83783783783784
Sicilian Defense Open Najdorf Variation 6.Bg5 e5,37,130.27027027027026,27.027027027027028
French Defense Exchange Variation 3...exd5 4.Nf3 Bg4,37,147.3783783783784,37.83783783783784
Queens Pawn Opening Zukertort Chigorin Variation 3.Bf4 Bg4 4.e3,37,93.8108108108108,27.027027027027028
Nimzowitsch Larsen Attack Classical Variation 2.Bb2 Nf6,37,321.18918918918916,29.72972972972973
Ruy Lopez Opening Morphy Defense Tarrasch Variation,37,577.027027027027,35.13513513513514
Indian Game Spielmann Indian Variation...5.Nxd5 Nxd5 6.Qxd5 Nc6,37,333.4864864864865,35.13513513513514
Scandinavian Defense Mieses Kotrc Main Line 4.d4 Nf6,37,848.3783783783783,43.24324324324324
Scandinavian Defense Mieses Kotrc Main Line 4.d4 Nf6 5.Nf3 Bf5,37,837.4864864864865,35.13513513513514
English Opening Four Knights Korchnoi Line,37,62.86486486486486,16.216216216216218
Scandinavian Defense Modern Marshall Gipslis Variation 5.h3 Bh5,37,93.45945945945945,43.24324324324324
Kings Indian Attack 2...Nc6 3.Bg2 e5 4.d3,37,60.21621621621622,32.432432432432435
Scandinavian Defense Mieses Kotrc Main Line 4.d4 c6,37,50.62162162162162,32.432432432432435
Kings Gambit Accepted Cunningham McCormick Defense 5.e5,37,33.75675675675676,51.35135135135135
English Opening Anglo Lithuanian Variation 2.Nc3,37,125.83783783783784,13.513513513513514
English Opening Agincourt Defense...4.Bg2 Bg7 5.O O Ne7 6.d4,37,373.02702702702703,35.13513513513514
Modern Defense with 1 e4 2.d3,36,42.52777777777778,38.88888888888889
Scotch Game Dubois Reti Max Lange Attack 6.e5 d5,36,342.3888888888889,44.44444444444444
Kings Fianchetto Opening 1...d5 2.Bg2,36,365.5,25.0
Kings Indian Defense Zinnowitz Variation 6...h6,36,329.72222222222223,38.88888888888889
Nimzowitsch Larsen Attack Modern Variation 2.Bb2 Nc6 3.e3,36,174.83333333333334,25.0
Giuoco Piano Game Main Line Birds Attack 5...Bb6 6.d3 d6 7.a4,36,651.1666666666666,38.88888888888889
Ponziani Opening Spanish Variation 4...dxe4 5.Nxe5,36,360.5,33.33333333333333
Modern Defense with 1 e4 2.Nc3 Bg7 3.g3,36,33.69444444444444,33.33333333333333
Birds Opening 1...c5 2.Nf3,36,379.3333333333333,44.44444444444444
Birds Opening Dutch Variation 2.Nf3 c5,36,314.8611111111111,50.0
Reti Opening Nimzo Larsen Variation...5.Be2 d6 6.d4 Nbd7 7.O O,36,59.69444444444444,41.66666666666667
French Defense Exchange Variation 3...exd5 4.Nc3 Nf6,36,308.5833333333333,44.44444444444444
Indian Game East Indian Anti Nimzo Indian Variation 3...c5 4.d5 d6,36,819.75,38.88888888888889
Giuoco Piano Game Main Line Giuoco Pianissimo Variation 5...d6 6.a4 a6,36,56.02777777777778,41.66666666666667
Queens Pawn Opening Torre Attack,36,268.1388888888889,44.44444444444444
Birds Opening 1...g6,36,301.55555555555554,33.33333333333333
Ruy Lopez Opening Morphy Defense Columbus Variation 4...Nf6 5.O O b5 6.Bb3,36,72.77777777777777,38.88888888888889
Indian Game Knights Variation East Indian Defense...4.Be2 O O 5.O O d6,36,77.05555555555556,33.33333333333333
Sicilian Defense Nimzowitsch Closed 3...e6,36,131.5,27.77777777777778
Old Benoni Defense 2.d5 d6 3.c4,36,320.77777777777777,30.555555555555557
English Opening Anglo Indian Kings Indian Defense 3.g3 Bg7 4.Bg2 O O 5.d4,36,51.361111111111114,27.77777777777778
Ruy Lopez Opening Berlin Improved Steinitz Defense,36,1034.25,33.33333333333333
Kings Indian Defense Normal Variation...5.Bg5 d6 6.e3 Nbd7,36,311.3333333333333,25.0
Sicilian Defense Chekhover Variation 4...Nc6,35,535.0571428571428,28.57142857142857
Scotch Game Goring Main Line Bardeleben Variation,35,683.6,34.285714285714285
Birds Opening 1...g6 2.Nf3,35,78.37142857142857,31.428571428571427
Nimzo Indian Defense 4.Bd2 d5 5.e3,35,68.8,22.857142857142858
Modern Defense with 1 d4...3.Nf3 d6 4.e4 Bg4,35,33.08571428571429,51.42857142857142
Sicilian Defense 2.Nf3 d6 3.Nc3 a6 4.d4,35,106.71428571428571,51.42857142857142
Modern Defense Rat Defense Accelerated Gurgenidze Variation 4.Be3 Bg7 5.f4,35,58.05714285714286,45.714285714285715
Sicilian Defense Old Sicilian Variation 3.d3,35,64.68571428571428,28.57142857142857
Sicilian Defense Staunton Cochrane Variation 2...e6,35,323.9142857142857,31.428571428571427
Polish Opening Bugayev Attack 2...d5,35,57.6,42.857142857142854
Kings Pawn Opening Latvian Gambit,35,36.57142857142857,57.14285714285714
Pirc Defense Classical Variation 4...Bg7 5.Be3 O O 6.Qd2,35,572.4,31.428571428571427
Bishops Opening Berlin Defense 3.d3 c6 4.Nf3,35,57.142857142857146,42.857142857142854
Caro Kann Defense Accelerated Panov Open 3.Nf3 d6 4.d4 Nd7,35,304.0285714285714,45.714285714285715
Caro Kann Defense 2.Nf3 d5 3.exd5 cxd5 4.Ne5,35,49.457142857142856,34.285714285714285
Sicilian Defense Kan Knight Variation 5...Qc7 6.f4,35,38.02857142857143,37.142857142857146
English Opening...2.Nc3 Bb7 3.e4 e5 4.Nf3,35,949.5428571428571,25.71428571428571
Nimzowitsch Larsen Attack Classical Variation 2.Bb2 Nf6 3.Nf3,35,487.8857142857143,34.285714285714285
Sicilian Defense Delayed Alapin Variation 3...Nf6 4.e5 dxe5 5.Nxe5,35,51.25714285714286,42.857142857142854
Giuoco Piano Game Giuoco Pianissimo Italian Four Knights Variation 5...a6,34,38.911764705882355,50.0
Modern Defense with 1 d4 2.Nf3 Bg7 3.Bf4 d6 4.e3,34,56.1764705882353,29.411764705882355
Kings Indian Defense Zinnowitz Variation,34,38.5,32.35294117647059
Pirc Defense Main Line Austrian Weiss Variation 6...Nc6,34,355.20588235294116,32.35294117647059
Birds Opening Dutch Variation 2.Nf3 c5 3.e3,34,971.0294117647059,29.411764705882355
Indian Game Knights Variation East Indian Defense 3.e3 Bg7 4.Be2 O O,34,37.35294117647059,47.05882352941176
Birds Opening 1...g6 2.Nf3 Bg7 3.g3,34,611.5882352941177,14.705882352941178
Queens Gambit Declined Albin Countergambit,34,549.1176470588235,32.35294117647059
Queens Gambit Accepted Gunsberg Defense with 3 c5...5.Bxc4 e6 6.exd4 Nf6,34,342.55882352941177,32.35294117647059
Alapin Sicilian Defense...3.Nf3 Nc6 4.d4 cxd4,34,379.5882352941176,26.47058823529412
Giuoco Piano Game Center Attack...6.cxd4 Bb4 7.Bd2 Nxe4,34,51.470588235294116,38.23529411764706
Alekhines Defense Balogh Variation 4...Nb6 5.Bb3 dxe5,34,235.88235294117646,44.11764705882353
Dutch Defense Raphael Variation 2...d5 3.Bf4,34,431.8529411764706,23.52941176470588
Sicilian Defense,34,72.6470588235294,47.05882352941176
Caro Kann Defense Two Knights Attack,34,607.4411764705883,35.294117647058826
Old Benoni Defense Benoni Indian Defense 3.Nc3 e5 4.e4,34,103.02941176470588,29.411764705882355
Caro Kann Defense Advance Botvinnik Carls Defense 4.Nf3 cxd4,34,72.73529411764706,23.52941176470588
Pirc Defense Classical Schlechter Variation 5...O O 6.Be2,34,38.76470588235294,41.17647058823529
Kings Indian Defense Semi Classical Queenside Storm Line 8...Re8,34,37.205882352941174,47.05882352941176
Four Knights Game Spanish Variation 4...a6,34,556.5294117647059,32.35294117647059
Nimzowitsch Larsen Attack Classical Variation 2.Bb2 Nf6 3.e3 e6,34,42.911764705882355,38.23529411764706
Nimzowitsch Larsen Attack Indian Variation 2.Bb2 g6 3.c4 Bg7,34,310.29411764705884,41.17647058823529
English Opening Anglo Indian Queens Knight Variation 2...g6 3.e4 d6 4.d4,34,400.7352941176471,44.11764705882353
Pirc Defense Main Line Kholmov System 4...Bg7,34,374.8235294117647,32.35294117647059
French Defense Rubinstein Variation 4.Nxe4 Nf6 5.Nxf6 Qxf6 6.Nf3,34,123.47058823529412,35.294117647058826
French Defense Advance Nimzowitsch System 4...Nc6,34,327.7352941176471,38.23529411764706
Mieses Opening,34,382.9117647058824,5.88235294117647
Alapin Sicilian Defense 2...e6 3.Nf3 Nf6 4.e5 Nd5 5.d4,34,108.88235294117646,38.23529411764706
Reti Opening Kings Indian Attack Symmetrical Defense 3.b3 Bg7 4.Bb2 d6 5.Bg2,33,333.06060606060606,39.39393939393939
Pirc Defense Classical Variation 4...Bg7 5.Bf4 O O 6.Qd2,33,349.8484848484849,30.303030303030305
Scotch Game 3...exd4 4.Nxd4 d6 5.Nc3,33,97.36363636363636,39.39393939393939
Giuoco Piano Game 4.O O Nf6 5.d3 O O,33,89.21212121212122,21.21212121212121
Alapin Sicilian Defense...3.Nf3 d5 4.e5 d4,33,79.15151515151516,33.33333333333333
Queens Pawn Opening Horwitz Defense 2.c4 c5 3.d5,33,133.72727272727272,33.33333333333333
Queens Pawn Opening Krause Variation 3.c3 e6 4.Bf4,33,137.78787878787878,33.33333333333333
Pirc Defense...3.f4 g6 4.Nf3 Bg7,33,355.6969696969697,27.27272727272727
Queens Pawn Opening Stonewall Attack 3...c5 4.c3 Nc6,33,69.06060606060606,39.39393939393939
Ponziani Opening 3...d5 4.Qa4,33,94.78787878787878,45.45454545454545
Reti Opening Queens Gambit Invitation 2.g3 d5 3.Bg2 c5,33,375.57575757575756,33.33333333333333
Sicilian Defense OKelly Maroczy Bind Paulsen Line...5.d4 cxd4 6.Nxd4 Qc7,33,355.6666666666667,30.303030303030305
English Opening Kings English Variation 2.e3 d6 3.Nc3,33,364.6969696969697,30.303030303030305
Pirc Defense Main Line Austrian Attack 4...Bg7,33,310.27272727272725,36.36363636363637
Indian Game East Indian Przepiorka Variation...4.Bg2 O O 5.O O d6,33,30.848484848484848,42.42424242424242
Scandinavian Defense Mieses Kotrc Main Line Lasker Variation 6...Bxf3 7.Qxf3,33,161.12121212121212,48.484848484848484
Kings Indian Attack 2...Nc6 3.Bg2 e5,33,120.66666666666667,36.36363636363637
Kings Indian Defense Fianchetto Yugoslav Panno System 6...Nbd7,33,91.57575757575758,30.303030303030305
English Opening Kings English Variation...3.Bg2 Nc6 4.Nf3 Bc5 5.O O,33,355.42424242424244,36.36363636363637
Indian Game Knights Variation East Indian Defense 3.c3 Bg7,33,72.84848484848484,36.36363636363637
Alapin Sicilian Defense 2...Nf6 3.e5,32,166.28125,31.25
Modern Defense Standard Pseudo Austrian Attack 4...Nc6 5.Be3 Nf6 6.Nf3,32,353.40625,40.625
Queens Pawn Opening 1...c6 2.Nf3,32,684.3125,37.5
Polish Opening Kings Indian Defense,32,20.09375,43.75
French Defense Normal Variation...4.Nf3 Nf6 5.exd5 exd5 6.Bb5,32,370.71875,34.375
Benoni Defense Modern Kings Pawn Line...7.f3 Bg7 8.Bg5 O O,32,22.84375,50.0
Kings Gambit Accepted Schallopp Defense 4.Nc3 d5,32,327.09375,46.875
Modern Defense with 1 d4 2.Nf3 Bg7 3.c3 d6,32,632.0625,31.25
Modern Defense with 1 d4 2.c4 Bg7 3.e4 e6 4.Nc3,32,342.4375,18.75
Trompowsky Attack Classical Big Center Variation 3...c5 4.d5,32,87.78125,40.625
Sicilian Defense Smith Morra Gambit 2...cxd4 3.c3,32,69.6875,43.75
French Defense Advance Variation 3...c5 4.c3 Qb6,32,660.0625,40.625
French Defense Franco Sicilian Defense,32,88.53125,31.25
Modern Defense with 1 e4...3.Nf3 d6 4.Bc4 a6 5.O O,32,105.5625,12.5
Benoni Defense Modern Classical Variation...8.Bd3 O O 9.O O Bg4,32,612.40625,37.5
English Opening Symmetrical Anti Benoni Variation 3...cxd4 4.Nxd4 e5,32,84.8125,34.375
Old Benoni Defense Semi Benoni Variation Blockade Variation 4.Bb5 Nd7,32,219.0,31.25
Nimzowitsch Larsen Attack Modern Variation 2.Bb2 Nc6 3.e3 a6,32,85.59375,50.0
Indian Game Tartakower Attack...3.Bg2 Bg7 4.e4 d6 5.Ne2,32,634.5625,40.625
Kings Indian Defense Fianchetto Yugoslav Panno System 6...Nbd7 7.Nc3 c5,32,374.5,37.5
English Opening Four Knights Quiet Line,32,345.71875,50.0
Scandinavian Defense Modern Marshall Gipslis Variation 5.c4,32,165.5,43.75
Pirc Defense 2.Bc4 Nf6,32,660.46875,34.375
English Opening Reversed Sicilian Closed,32,48.09375,50.0
Indian Game East Indian London System 3...Bg7 4.Nbd2,32,65.71875,31.25
Bishops Opening Berlin Defense 3.d3 d5 4.exd5 Nxd5,32,352.3125,59.375
Pirc Defense Main Line Austrian Weiss Variation...8.e5 Nd5 9.Nxd5 Qxd5,32,44.03125,56.25
Kings Indian Defense Samisch Normal Defense 6.Be3 a6 7.Qd2 Nbd7,32,370.15625,43.75
Indian Game East Indian Przepiorka Variation...5.O O d6 6.Nbd2 Nbd7 7.e4,32,346.25,40.625
Sicilian Defense Nyezhmetdinov Rossolimo Fianchetto Variation 4.Bxc6 bxc6 5.O O,32,53.3125,34.375
Indian Game East Indian London System...4.e3 d6 5.h3 Nbd7,32,44.40625,31.25
Scotch Game 3...exd4 4.Nxd4 Qf6 5.Nxc6,31,453.2258064516129,35.483870967741936
Alapin Sicilian Defense...5.d4 cxd4 6.cxd4 Nc6,31,50.193548387096776,48.38709677419355
Scandinavian Defense Modern Portuguese Variation 4.Nf3 Qxd5,31,122.38709677419355,45.16129032258064
Caro Kann Defense Tartakower Forgacs Variation,31,135.58064516129033,25.806451612903224
Giuoco Piano Game Giuoco Pianissimo Variation 4...d6 5.c3,31,89.12903225806451,29.03225806451613
Queens Gambit Declined Chigorin Defense 3.e3,31,129.3548387096774,41.935483870967744
Alekhines Defense Four Pawns Trifunovic Variation,31,57.58064516129032,48.38709677419355
Bishops Opening Berlin Defense 3.d3 d5 4.exd5,31,228.61290322580646,32.25806451612903
English Opening Great Snake Variation 2.g3 Bg7 3.Bg2 d6 4.Nc3,31,84.58064516129032,25.806451612903224
Scandinavian Defense Mieses Kotrc Main Line 4.d4 Nf6 5.Nf3 c6 6.Bd2,31,502.38709677419354,29.03225806451613
Four Knights Game Double Spanish Variation 5.d3 d6 6.O O,31,673.741935483871,32.25806451612903
Sicilian Defense French Variation 3.g3 d5,31,76.61290322580645,32.25806451612903
Ruy Lopez Opening Birds Defense,31,62.193548387096776,48.38709677419355
Indian Game Knights Variation East Indian Defense...5.Bd3 O O 6.O O Nbd7,31,341.0967741935484,51.61290322580645
Indian Game Knights Variation East Indian Defense 3.Nc3 Bg7,31,33.774193548387096,35.483870967741936
Pirc Defense Czech Defense...5.Bd3 e5 6.Nf3 Nbd7,31,42.54838709677419,38.70967741935484
Four Knights Game Scotch Variation Accepted 5.Nxd4 Bc5 6.Nxc6,31,113.12903225806451,19.35483870967742
Nimzowitsch Larsen Attack,31,103.38709677419355,22.58064516129032
Ruy Lopez Opening Berlin Defense 4.Bxc6,31,112.09677419354838,29.03225806451613
Pirc Defense...4.Nf3 Bg7 5.O O O O,31,58.32258064516129,41.935483870967744
Reti Opening Polish Defense 2.e4 Bb7 3.Bxb5 Bxe4,31,110.2258064516129,29.03225806451613
Sicilian Defense Open Scheveningen Variation 6.Be3 Be7 7.f4,31,49.774193548387096,32.25806451612903
Reti Opening Quiet System...3.b4 Bg7 4.Bb2 O O,31,53.064516129032256,35.483870967741936
Reti Opening Kingside Fianchetto Variation 2.g3 Bg7 3.Bg2,31,52.61290322580645,41.935483870967744
Queens Pawn Opening...3.Bg2 Bg7 4.Nf3 Nd7,31,38.70967741935484,22.58064516129032
French Defense Normal Variation 2...b6 3.Nf3 Bb7,31,570.8709677419355,32.25806451612903
Reti Opening Kings Indian Attack Symmetrical Defense...4.O O d6 5.d3 O O,31,42.645161290322584,45.16129032258064
Benoni Defense Modern Classical Variation,31,106.19354838709677,25.806451612903224
Benoni Defense 3.d5 g6 4.Nc3 Bg7 5.e4,31,42.774193548387096,32.25806451612903
Benoni Defense Modern Classical New York Variation...9.Bd3 a6 10.a4 Nbd7 11.O O,31,374.741935483871,35.483870967741936
Giuoco Piano Game Main Line Giuoco Pianissimo Variation 5...d6,31,675.0322580645161,25.806451612903224
Vienna Game Max Lange Paulsen Variation...4.Bg2 Bc5 5.d3 d6,31,57.54838709677419,32.25806451612903
Slav Defense Exchange Symmetrical Line 7.e3 e6 8.Bb5,30,99.7,26.666666666666668
Queens Pawn Opening Krause Variation 3.e3 Nf6 4.c4 cxd4 5.exd4,30,436.8333333333333,30.0
Giuoco Piano Game...5.d3 O O 6.h3 d6 7.c3,30,72.2,33.33333333333333
Kings Indian Defense Samisch Normal Defense 6.Be3 a6 7.Nge2 Nbd7 8.Qd2,30,351.76666666666665,40.0
Queens Pawn Opening Zukertort Variation...3.e3 Bg4 4.c4 e6,30,154.16666666666666,46.666666666666664
London System 3...c5 4.e3 cxd4,30,89.46666666666667,30.0
Bishops Opening Berlin Spielmann Attack 4...c6 5.Nf3,30,399.56666666666666,36.666666666666664
French Defense Advance Variation 3...c5 4.c3 Ne7 5.Nf3,30,104.3,33.33333333333333
French Defense St George Three Pawn Attack,30,350.5,40.0
Sicilian Defense Open Classical Variation 6.f4,30,712.7,33.33333333333333
Queens Pawn Opening Krause Variation 3.dxc5,30,141.23333333333332,36.666666666666664
Bishops Opening Berlin Vienna Hybrid Variation 4...Bb4 5.Nf3,30,37.6,36.666666666666664
Scandinavian Defense Mieses Kotrc Main Line 4.Nf3 Nf6 5.Bc4 Bg4,30,51.333333333333336,36.666666666666664
Kings Gambit Accepted Kieseritzky Kolisch Defense,30,106.53333333333333,36.666666666666664
Closed Sicilian Defense Grand Prix Attack...5.d4 cxd4 6.Nxd4 Bg7,30,671.8,50.0
English Opening Kings English Variation 2.d3,30,1510.3,30.0
Closed Sicilian Defense Grand Prix Attack 3...d6 4.Nf3 Nf6,30,23.866666666666667,50.0
Three Knights Opening 3...d6 4.d4 Bg4,30,691.8333333333334,16.666666666666664
Modern Defense with 1 d4...3.Bf4 d6 4.e3 Nf6 5.Be2,30,382.6666666666667,30.0
Alekhines Defense Normal Variation 3.d4 d6 4.c4 Nb6 5.Nf3,30,112.43333333333334,43.333333333333336
Sicilian Defense Canal Attack 3...Nc6 4.d4,30,45.46666666666667,43.333333333333336
Kings Indian Attack Yugoslav Variation 3.Bg2 Bg4 4.O O,30,76.06666666666666,36.666666666666664
Pirc Defense Czech Defense 4.Nf3,30,71.73333333333333,40.0
Kings Gambit Accepted,30,124.53333333333333,23.333333333333332
Pirc Defense Czech Defense 4.f4 g6 5.Nf3,30,63.833333333333336,46.666666666666664
Sicilian Defense Hyperaccelerated Dragon Variation 3.c3 Bg7 4.d4,30,43.13333333333333,33.33333333333333
Four Knights Game Spanish Variation Classical Variation 5.O O O O,30,478.6333333333333,23.333333333333332
Alapin Sicilian Defense 2...e5 3.Nf3 Nc6 4.d4,29,139.31034482758622,41.37931034482759
Nimzowitsch Larsen Attack Symmetrical Variation 2.Bb2,29,88.03448275862068,27.586206896551722
Indian Game 2.Bf4 c5 3.e3,29,58.58620689655172,48.275862068965516
Caro Kann Defense Accelerated Panov Open 3.d4,29,155.3793103448276,34.48275862068966
Sicilian Defense McDonnell Attack 2...g6 3.Nf3,29,991.3103448275862,34.48275862068966
Reti Opening Kingside Fianchetto Variation 2.g3 Bg7,29,389.7586206896552,34.48275862068966
Ruy Lopez Opening Fianchetto Defense 4.d4 exd4 5.Nxd4,29,157.0344827586207,31.03448275862069
Kings Indian Defense Normal Variation...8.O O exd5 9.exd5 Bg4 10.h3,29,135.72413793103448,31.03448275862069
Caro Kann Defense Accelerated Panov Open 3.Nc3,29,63.03448275862069,37.93103448275862
English Opening Kings English Nimzowitsch Variation 2...Nc6 3.d4 exd4 4.Nxd4,29,118.93103448275862,37.93103448275862
English Opening Four Knights Nimzowitsch Variation 4...Bc5,29,138.55172413793105,34.48275862068966
Caro Kann Defense...3.exd5 cxd5 4.Ne5 Nf6 5.d4,29,71.10344827586206,27.586206896551722
Kings Fianchetto Opening Reversed Alekhine Variation,29,89.3103448275862,34.48275862068966
Pirc Defense Czech Defense 4.f4,29,33.758620689655174,44.827586206896555
Old Benoni Defense Semi Benoni Variation Blockade Variation 4.c4,29,145.82758620689654,48.275862068965516
Kings Indian Attack 2...Nc6 3.Bg2,29,89.24137931034483,44.827586206896555
Ruy Lopez Opening Classical Defense 4.O O,29,104.44827586206897,44.827586206896555
Kings Indian Defense Semi Classical Variation,29,53.172413793103445,31.03448275862069
Queens Gambit Accepted Classical Steinitz Variation Exchange Variation 7.exd4 Be7 8.Nc3 O O,29,479.9655172413793,37.93103448275862
Sicilian Defense Open...4.Nxd4 d6 5.Nc3 g6,29,395.44827586206895,34.48275862068966
Benoni Defense Modern Variation 4.Nc3 exd5 5.cxd5 d6,29,382.0344827586207,10.344827586206897
Indian Game East Indian Colle System 4...O O 5.O O,29,29.75862068965517,44.827586206896555
Sicilian Defense Nyezhmetdinov Rossolimo Fianchetto Variation 4.c3 Bg7,29,379.7931034482759,27.586206896551722
Ponziani Opening Jaenisch Counterattack 4.d4 Nxe4,29,1477.103448275862,31.03448275862069
Giuoco Piano Game Evans Accepted McDonnell Defense Main Line,29,68.34482758620689,55.172413793103445
Bishops Opening Berlin Vienna Hybrid Variation 4...d6,29,132.6206896551724,17.24137931034483
Scotch Game Goring Gambit Declined...6.cxd4 Bg4 7.Be2 O O O,29,413.62068965517244,31.03448275862069
Owens Defense 2.d4 Bb7 3.Bd3 Nf6,29,82.62068965517241,37.93103448275862
Closed Sicilian Defense,29,1059.1724137931035,27.586206896551722
Alekhines Defense Exchange Variation,29,382.3103448275862,48.275862068965516
Indian Game...4.f4 d6 5.Nf3 O O,29,41.03448275862069,44.827586206896555
Scandinavian Defense Mieses Kotrc Main Line 4.d4 Nf6 5.Nf3 Bf5 6.Bd2,28,449.89285714285717,39.285714285714285
Indian Game Spielmann Indian Pseudo Benko Variation,28,54.785714285714285,42.857142857142854
Bishops Opening Berlin Defense 3.d3 c6,28,120.5,32.142857142857146
French Defense Kings Indian Attack,28,113.35714285714286,32.142857142857146
Indian Game Black Knights Tango 3.Nf3 e6 4.g3 Bb4,28,66.25,53.57142857142857
Grunfeld Defense Three Knights Variation...6.cxd5 cxd5 7.Bf4 Nc6,28,77.25,28.57142857142857
Sicilian Defense Open Lowenthal Variation 5.Nf3,28,35.464285714285715,57.14285714285714
Caro Kann Defense 2.Nc3 d5 3.f4,28,705.25,35.714285714285715
Ruy Lopez Opening Morphy Defense Neo Arkhangelsk Variation 6.c3,28,783.0,25.0
Sicilian Defense Delayed Alapin Variation 3...Nf6,28,114.32142857142857,28.57142857142857
Caro Kann Defense Advance Tal Variation,28,93.0,50.0
Queens Pawn Opening Chigorin Variation...3.Bf4 c5 4.e3 cxd4 5.exd4,28,88.39285714285714,46.42857142857143
Benoni Defense 3.e3 e6 4.Nc3,28,77.21428571428571,10.714285714285714
Queens Pawn Opening Chigorin Variation 2...c6,28,228.0,21.428571428571427
Modern Defense Gurgenidze Variation 3.Nf3 d5,28,57.464285714285715,42.857142857142854
Alapin Sicilian Defense 2...Nf6,28,397.42857142857144,46.42857142857143
Pirc Defense...5.O O O O 6.c3 Nbd7 7.Re1,28,48.785714285714285,32.142857142857146
Nimzowitsch Larsen Attack Modern Variation 2.Bb2 Nc6 3.e3 d5 4.Bb5,28,72.35714285714286,35.714285714285715
Ruy Lopez Opening Old Steinitz Defense 4.d4 exd4 5.Nxd4,28,87.07142857142857,46.42857142857143
Queens Gambit Declined Marshall Defense...4.e4 Nf6 5.Nc3 e6,28,109.25,42.857142857142854
Italian Game Traxler Bishop Sacrifice Line 5...Ke7 6.Bb3,28,663.3214285714286,39.285714285714285
Indian Game Spielmann Indian Variation...4.Nc3 d6 5.e4 exd5 6.exd5,28,82.28571428571429,35.714285714285715
Indian Game Spielmann Indian Variation...4.Nxd4 d5 5.Bg2 e5,28,109.85714285714286,17.857142857142858
Sicilian Defense McDonnell Attack 2...Nc6 3.Nf3 d6 4.Bb5,28,90.57142857142857,32.142857142857146
Slav Defense Exchange Variation 3...cxd5 4.Nf3 Nc6 5.Nc3,28,71.75,35.714285714285715
Queens Pawn Opening Accelerated London Steinitz Countergambit 3.e3 cxd4 4.exd4 Nc6,28,45.25,35.714285714285715
Birds Opening 1...Nf6 2.Nf3 g6 3.g3 Bg7 4.Bg2,27,35.074074074074076,37.03703703703704
Nimzowitsch Defense Declined 2...Nf6,27,827.2962962962963,37.03703703703704
Queens Pawn Opening Symmetrical Variation 3.c3 c6,27,88.0,29.629629629629626
Nimzowitsch Defense Declined Williams Variation,27,108.74074074074075,37.03703703703704
Giuoco Piano Game Main Line Giuoco Pianissimo Variation,27,102.5925925925926,22.22222222222222
Queens Pawn Opening Krause Variation 3.e3 Nf6,27,83.37037037037037,48.148148148148145
Vienna Game Falkbeer Variation 3.d4,27,1010.8888888888889,37.03703703703704
French Defense Exchange Variation 3...exd5 4.Nf3 Nc6 5.c3,27,110.48148148148148,29.629629629629626
English Opening Anglo Indian Defense 2.g3 g6 3.Bg2 Bg7,27,40.592592592592595,18.51851851851852
Pirc Defense Classical Variation,27,104.92592592592592,33.33333333333333
Closed Sicilian Defense Grand Prix Attack...6.Nxd4 Nxd4 7.Qxd4 Nc6,27,429.8888888888889,25.925925925925924
Closed Sicilian Defense Traditional Line 3.Nf3 d6 4.Bb5 Bd7,27,354.0740740740741,59.25925925925925
English Opening Anglo Indian Queens Knight Variation...4.d4 Bf5 5.g3 Bg7 6.Bg2,27,419.2962962962963,18.51851851851852
Queens Gambit Declined Catalan Opening 4...g6 5.Bg2 Bg7 6.O O,27,761.1851851851852,25.925925925925924
Scotch Game Goring Gambit Declined 5.exd5 Qxd5 6.cxd4 Bg4,27,40.22222222222222,51.85185185185185
Indian Game East Indian London System...5.h3 Nbd7 6.Be2 O O 7.O O,27,36.77777777777778,25.925925925925924
Philidor Defense 3.Bc4 Be7 4.d4,27,429.55555555555554,44.44444444444444
Modern Defense Three Pawns Pterodactyl Defense 4.c3,27,54.407407407407405,48.148148148148145
Pirc Defense Classical Schlechter Variation 5...O O 6.Be3,27,97.11111111111111,29.629629629629626
Caro Kann Defense Euwe Attack 2...d5,27,46.03703703703704,33.33333333333333
Italian Game 3...d6 4.O O,27,488.9259259259259,25.925925925925924
Reti Opening Nimzo Larsen Double Fianchetto Attack,27,68.81481481481481,25.925925925925924
Caro Kann Defense Accelerated Panov Open 3.Nf3,27,455.55555555555554,40.74074074074074
Sicilian Defense OKelly Variation,27,133.03703703703704,18.51851851851852
Alapin Sicilian Defense 2...d5,27,74.66666666666667,33.33333333333333
Alapin Sicilian Defense 2...g6 3.d4,27,61.666666666666664,40.74074074074074
Caro Kann Defense Advance Variation...4.Be3 e6 5.Nd2 Nd7 6.Ngf3,27,91.18518518518519,29.629629629629626
Sicilian Defense French Variation 3.g3 a6 4.Bg2,27,62.148148148148145,33.33333333333333
Ruy Lopez Opening Morphy Defense Anderssen Variation 5...Bc5 6.O O d6,27,1471.4074074074074,29.629629629629626
Caro Kann Defense Main Line 4...Nf6,27,90.66666666666667,44.44444444444444
Kings Indian Defense Normal Variation 4.Nf3 O O,27,53.25925925925926,14.814814814814813
French Defense Advance Steinitz Variation 4...Nc6 5.Nf3 Bxc5,27,122.48148148148148,18.51851851851852
Alapin Sicilian Defense...3.d4 cxd4 4.cxd4 d5,26,60.26923076923077,53.84615384615385
Modern Defense Standard Two Knights Small Center Variation,26,99.38461538461539,34.61538461538461
Pirc Defense Classical Quiet System 5...O O 6.O O,26,56.07692307692308,38.46153846153847
Kings Gambit Declined Falkbeer Accepted Staunton Rubinstein Variation,26,123.73076923076923,42.30769230769231
English Opening Anglo Indian Kings Indian Defense 3.b4 Bg7 4.Bb2 O O,26,816.3846153846154,42.30769230769231
Indian Game Spielmann Indian Variation 3.dxc5,26,193.57692307692307,26.923076923076923
Scandinavian Defense Modern Marshall Variation 4.c4 Nb6 5.Nf3 Bg4,26,108.96153846153847,42.30769230769231
Pirc Defense Modern Defense Geller System...3.Nc3 e5 4.Bc4 Be7,26,63.11538461538461,38.46153846153847
Sicilian Defense Kramnik Variation 3...Nc6 4.Nc3 e5,26,83.42307692307692,38.46153846153847
Four Knights Game Glek Variation 4...Bc5 5.Bg2 d6 6.O O,26,388.2307692307692,38.46153846153847
Sicilian Defense Staunton Cochrane Variation...3.Nc3 g6 4.d3 Bg7,26,95.61538461538461,38.46153846153847
Queens Pawn Opening Chigorin Variation 2...Nf6 3.Bf4 a6 4.e3,26,26.846153846153847,50.0
Giuoco Piano Game Center Attack...9.exd5 Nxd5 10.O O O O,26,387.5,65.38461538461539
Queens Pawn Opening Zukertort Variation 2...c6 3.e3 Bg4 4.c4,26,670.9230769230769,34.61538461538461
Queens Pawn Opening Zukertort Variation 2...e6,26,142.73076923076923,34.61538461538461
Birds Opening Dutch Variation 2.e3,26,487.7307692307692,26.923076923076923
London System 3...c6 4.e3 Bg4 5.Nbd2,26,57.11538461538461,34.61538461538461
Nimzowitsch Defense Kennedy Paulsen Attack,26,88.92307692307692,46.15384615384615
French Defense Exchange Variation 3...exd5 4.Nf3 Nf6 5.Bg5,26,64.76923076923077,30.76923076923077
Reti Opening 1...d5 2.e3,26,94.07692307692308,30.76923076923077
Nimzowitsch Larsen Attack 1...e6 2.Bb2,26,56.88461538461539,23.076923076923077
Kings Pawn Opening St George Defense 2.d4 b5 3.Bd3 Bb7 4.Nf3,26,206.6153846153846,38.46153846153847
Queens Pawn Opening Horwitz Defense 2.c4 c5 3.d5 exd5 4.cxd5,26,487.2692307692308,34.61538461538461
Scotch Game Dubois Reti Scotch Gambit Janowski Defense,26,463.03846153846155,46.15384615384615
Ruy Lopez Opening Berlin Rio Gambit Accepted 5.Re1,26,469.2692307692308,34.61538461538461
Four Knights Game Spanish Variation Classical Variation 5.O O d6 6.d4 exd4 7.Nxd4,26,48.57692307692308,61.53846153846154
Pirc Defense Maroczy Defense 3.dxe5,26,58.0,42.30769230769231
French Defense Advance Paulsen Milner Barry Gambit...7.cxd4 Bd7 8.O O Nxd4,26,47.57692307692308,50.0
Giuoco Piano Game Evans Accepted McDonnell Defense 6.O O d6 7.d4 exd4,25,92.64,44.0
Slav Defense Modern Line 3...Nf6,25,538.72,20.0
Modern Defense Gurgenidze Variation 3.f4 d5 4.e5 h5 5.Nf3,25,454.72,28.000000000000004
Modern Defense with 1 e4...3.Nf3 d6 4.Be2 Nd7,25,43.68,32.0
Benoni Defense Czech Variation 4.Nc3 d6,25,145.28,28.000000000000004
Indian Game 2.Bf4 e6 3.e3 d5,25,151.92,16.0
French Defense Schlechter Variation 3...c5 4.exd5 exd5 5.Nf3,25,96.24,36.0
Nimzowitsch Defense Declined Williams Variation 3.d4 Nf6 4.Nc3 g6 5.d5,25,151.48,36.0
Sicilian Defense Taimanov Bastrikov Variation 6.f4 a6,25,434.04,48.0
Sicilian Defense Open 3...cxd4 4.Nxd4,25,856.68,28.000000000000004
French Defense Knight Variation Wing Gambit,25,31.76,40.0
Kings Indian Defense Samisch Normal Defense 6.Be3 a6 7.Nge2 Nbd7,25,28.96,36.0
Italian Game Hungarian Defense 4.O O d6,25,487.52,20.0
Philidor Defense Exchange Variation,25,60.88,40.0
Alekhines Defense Scandinavian Variation 3.e5,25,100.28,36.0
Van Geet Opening Reversed Nimzowitsch Variation 2.b3,25,423.16,32.0
Scandinavian Defense Modern Variation 3.Nf3,25,53.0,48.0
Pirc Defense 2.d4 c6 3.Nc3,25,478.08,36.0
Old Benoni Defense...4.Nf3 d6 5.Nc3 Nf6,25,154.92,32.0
Scotch Game Dubois Reti Max Lange Attack Accepted,25,75.88,48.0
English Opening Mikenas Carls Variation 3...d6 4.d4 Be7,25,387.04,40.0
Kings Gambit Accepted Fischer Defense,25,78.88,28.000000000000004
English Opening Symmetrical Variation 2.Nf3 Nc6 3.d4 cxd4,25,245.88,28.000000000000004
Pirc Defense Main Line Austrian Kurajica Variation 6...b6,25,46.4,48.0
Sicilian Defense Cowboy Attack 2...Nc6 3.Bb2,25,183.64,16.0
Kings Indian Attack Yugoslav Variation 3.Bg2 e6,25,481.2,28.000000000000004
Ruy Lopez Opening Morphy Defense Neo Arkhangelsk Variation 6.Nxe5 Nxe5 7.d4,25,95.36,52.0
Caro Kann Defense Classical Variation 5.Ng3 Bg6 6.h4,25,42.28,48.0
Queens Pawn Opening Zukertort Chigorin Variation 3.Bf4,25,105.16,36.0
Queens Gambit,25,506.76,36.0
French Defense Advance Steinitz Variation 4...Nc6 5.Nf3 Bxc5 6.Bd3,25,76.84,32.0
Queens Gambit Declined Chigorin Janowski Variation,25,114.08,20.0
Queens Pawn Opening Polish Spassky Gambit 3.Bd3,24,812.0,33.33333333333333
Slav Defense 3.e3 Nf6,24,472.5,29.166666666666668
Giuoco Piano Game Main Line Giuoco Pianissimo Variation 5...d6 6.Bb3,24,28.0,54.166666666666664
Giuoco Piano Game Main Line Giuoco Pianissimo Variation 5...d6 6.Nbd2,24,451.2916666666667,37.5
Pirc Defense Main Line Austrian Weiss Variation 6...Nbd7,24,47.5,41.66666666666667
Nimzowitsch Defense Declined 2...Nf6 3.e5 Nd5,24,86.45833333333333,20.833333333333336
London System 3...c6 4.e3,24,91.70833333333333,16.666666666666664
Bishops Opening Berlin Vienna Hybrid Variation 4...Bc5 5.f4 d6,24,100.5,25.0
Polish Opening 1...e5 2.Bb2,24,60.291666666666664,41.66666666666667
French Defense Queens Knight Variation 2...d5,24,12.5,79.16666666666666
French Defense Exchange Variation 3...exd5 4.Nc3,24,84.25,50.0
Sicilian Defense Open 3...cxd4 4.c3 dxc3,24,469.625,37.5
Alekhines Defense Samisch Attack 3...e6,24,64.66666666666667,41.66666666666667
Italian Game Knight Attack Polerio Bishop Check Bogoljubov Variation,24,77.70833333333333,41.66666666666667
Philidor Defense Exchange Variation 4.Nxd4 Nf6 5.Nc3 Be7 6.Bd3,24,82.08333333333333,41.66666666666667
Pirc Defense Classical Schlechter Variation 5...O O,24,40.333333333333336,45.83333333333333
Indian Game Tartakower Defense 3.Nc3,24,506.5833333333333,45.83333333333333
Pirc Defense 2.Nc3 Nf6 3.f4 g6,24,96.41666666666667,29.166666666666668
Scandinavian Defense Mieses Kotrc Variation 3.Nc3 Qd8 4.d4 c6 5.Bc4,24,826.2083333333334,20.833333333333336
English Opening Four Knights Kingside Fianchetto Line 4...Bc5 5.Bg2 d6,24,429.5,29.166666666666668
Sicilian Defense Kramnik Variation 3...Nc6 4.Nc3 Nf6,24,119.66666666666667,33.33333333333333
Indian Game East Indian Colle System 4...d6,24,44.0,33.33333333333333
Italian Game Two Knights Modern Bishops Opening 4...h6,24,114.125,25.0
Petrovs Defense 3.d3 Nc6 4.c3,24,47.25,41.66666666666667
Caro Kann Defense Breyer Variation 2...d5,24,504.0416666666667,45.83333333333333
Kings Indian Defense Fianchetto Yugoslav Panno System 6...Nbd7 7.Nc3 c5 8.d5,24,485.2916666666667,16.666666666666664
Four Knights Game Glek Variation,24,47.208333333333336,45.83333333333333
Vienna Game Main Line 4.fxe5,23,54.73913043478261,56.52173913043478
Sicilian Defense Nyezhmetdinov Rossolimo Attack 3...e6 4.Bxc6 bxc6,23,62.78260869565217,30.434782608695656
French Defense St George Defense 3.Nf3 b5,23,94.17391304347827,13.043478260869565
Benoni Defense Modern Variation 4.Nc3 exd5,23,58.69565217391305,30.434782608695656
Alapin Sicilian Defense 2...Nc6 3.Nf3 Nf6,23,101.78260869565217,39.130434782608695
Slav Defense Modern Geller Gambit 5...b5,23,96.52173913043478,39.130434782608695
Slav Defense Exchange Variation...4.Nc3 Nf6 5.Bf4 Nc6 6.e3,23,97.78260869565217,34.78260869565217
Queens Pawn Opening 1...d5 2.e3 Nf6 3.c4,23,1206.695652173913,26.08695652173913
Sicilian Defense Taimanov Variation 5.Nc3 Bb4,23,464.2173913043478,30.434782608695656
Kings Indian Defense Normal Variation 4.e4 d6 5.Nf3 O O 6.h3,23,478.95652173913044,26.08695652173913
Pirc Defense Main Line Austrian Weiss Variation 6...Nc6 7.O O Bg4,23,77.21739130434783,39.130434782608695
Four Knights Game 4.Be2 Bb4,23,150.56521739130434,26.08695652173913
Closed Sicilian Defense Grand Prix Attack...4.Nf3 Bg7 5.Bc4 d6,23,57.17391304347826,43.47826086956522
Closed Sicilian Defense 2...e6,23,512.3913043478261,43.47826086956522
Modern Defense Three Pawns Attack 3...d6 4.Nf3 Nf6,23,61.78260869565217,43.47826086956522
Queens Gambit Declined Exchange Variation 4...exd5,23,178.34782608695653,47.82608695652174
Modern Defense with 1 d4...3.Nf3 d6 4.e4 Nf6,23,43.65217391304348,39.130434782608695
Giuoco Piano Game Giuoco Pianissimo Variation 4...Nf6 5.Nbd2,22,138.72727272727272,22.727272727272727
Alekhines Defense Maroczy Variation...3.Nd2 e5 4.Ngf3 Nc6,22,555.0454545454545,27.27272727272727
Scandinavian Defense Mieses Kotrc Variation...4.d4 Nf6 5.Nf3 g6,22,1570.4545454545455,45.45454545454545
Closed Sicilian Defense Grand Prix Attack 3...e6 4.Nf3 a6 5.d4,22,54.68181818181818,36.36363636363637
English Opening Anglo Indian Queens Knight Variation...3.e4 e5 4.Nf3 d6,22,511.8181818181818,40.909090909090914
Scotch Game 3...exd4 4.Nxd4 Nxd4,22,1379.5454545454545,31.818181818181817
Scotch Game Goring Main Line 6.Bc4 d6,22,552.0909090909091,31.818181818181817
Center Game Accepted Paulsen Berger Variation 5.Nc3 Bb4,22,105.86363636363636,31.818181818181817
Kings Gambit Declined Falkbeer Accepted Nimzowitsch Marshall Countergambit 4.Nc3 exf4,22,37.68181818181818,54.54545454545454
Kings Gambit Accepted Bishops Gambit Cozio Bogoljubov Variation 4...c6,22,51.90909090909091,50.0
Scotch Game Scotch Gambit Dubois Reti Advance Kingside Variation,22,84.31818181818181,36.36363636363637
Old Benoni Defense Benoni Indian Defense 3.Nc3 e6 4.e4,22,51.54545454545455,36.36363636363637
Pirc Defense Lions Jaw Variation 3...d5 4.e5 Nfd7 5.f4,22,84.22727272727273,50.0
Sicilian Defense French Variation...4.Bg2 Nf6 5.Nc3 d6,22,86.4090909090909,59.09090909090909
Nimzowitsch Larsen Attack Indian Variation 2.Bb2 g6 3.g3 Bg7,22,102.31818181818181,40.909090909090914
Ruy Lopez Opening Berlin Defense...6.O O Bg7 7.Nbd2 O O,22,67.31818181818181,27.27272727272727
Pirc Defense Maroczy Defense 3.dxe5 dxe5 4.Qxd8 Kxd8,22,29.40909090909091,31.818181818181817
Kings Indian Defense Orthodox Positional Defense 8.Be3 Re8 9.d5,22,42.0,27.27272727272727
Sicilian Defense Hyperaccelerated Dragon Variation...5.cxd4 d5 6.e5 Nc6 7.Bb5,22,56.5,45.45454545454545
Indian Game East Indian Colle System 4...O O,22,19.727272727272727,31.818181818181817
French Defense Advance Variation 3...c5 4.c3 Qb6 5.Nf3,22,34.27272727272727,50.0
Nimzowitsch Defense 2.d4,22,38.90909090909091,54.54545454545454
Trompowsky Attack,22,21.545454545454547,50.0
Alekhines Defense Maroczy Variation,22,144.5909090909091,36.36363636363637
Queens Pawn Opening English Defense 3.Nc3 Bb7 4.e4,22,99.31818181818181,31.818181818181817
Queens Pawn Opening Polish Defense 2.e4,22,553.8181818181819,27.27272727272727
Ponziani Opening Jaenisch Counterattack 4.d4 Nxe4 5.d5 Nb8 6.Nxe5,22,536.1818181818181,40.909090909090914
Reti Opening 1...d5 2.e3 c6,22,41.13636363636363,63.63636363636363
Indian Game Polish Variation,21,88.0952380952381,19.047619047619047
Indian Game Spielmann Indian Variation...4.Nxd4 e5 5.Nb3 d5 6.Bg2,21,35.0,42.857142857142854
Modern Defense with 1 e4...3.Nf3 d6 4.Bc4 a6,21,70.52380952380952,28.57142857142857
Modern Defense Standard Line...6.Bd3 Bb7 7.Nf3 Nd7,21,29.952380952380953,38.095238095238095
Slav Defense Exchange Variation 3...cxd5 4.Bf4,21,52.04761904761905,38.095238095238095
Polish Opening,21,211.14285714285714,28.57142857142857
Queens Pawn Opening Zukertort Chigorin Variation 3.e3 Bg4,21,48.76190476190476,42.857142857142854
Kings Pawn Opening Kings Knight Gunderam Defense 3.Nc3 c6 4.d4,21,512.5238095238095,28.57142857142857
Ponziani Opening Jaenisch Counterattack 4.d4,21,84.66666666666667,28.57142857142857
Sicilian Defense Anti Qxd4 Move Order 4.Nc3,21,227.57142857142858,38.095238095238095
Kings Gambit Accepted Kings Knight Gambit 3...g5 4.Bc4,21,538.4761904761905,38.095238095238095
Sicilian Defense French Variation...4.exd5 exd5 5.d4 Nf6 6.Bg2,21,68.71428571428571,42.857142857142854
Caro Kann Defense Advance Van der Wiel Dreyev Defense 5.Nf3 e6,21,96.47619047619048,28.57142857142857
Sicilian Defense...5.Bg2 Bg7 6.O O O O,21,49.095238095238095,19.047619047619047
Birds Opening...2.Nf3 g6 3.e3 Bg7,21,38.333333333333336,38.095238095238095
Van Geet Opening Reversed Nimzowitsch Napoleon Attack,21,44.523809523809526,57.14285714285714
Vienna Game Falkbeer Vienna Gambit 3...d6,21,141.76190476190476,33.33333333333333
Modern Defense Gurgenidze Variation,21,63.38095238095238,42.857142857142854
Petrovs Defense Three Knights Game 3...Bb4 4.Bc4 d6,21,124.61904761904762,28.57142857142857
Giuoco Piano Game Giuoco Pianissimo Variation 4...Nf6 5.O O,21,498.76190476190476,33.33333333333333
Scotch Game Dubois Reti Max Lange Attack 6.e5,21,504.23809523809524,38.095238095238095
Scandinavian Defense Mieses Kotrc Main Line 4.d4 Nf6 5.Nf3 Nc6 6.Bd2,21,32.38095238095238,57.14285714285714
Alekhines Defense Normal Variation 3.Bc4 Nb6,21,173.0,23.809523809523807
Caro Kann Defense Accelerated Panov Attack...4.cxd5 Qxd5 5.Nc3 Qd8,21,73.47619047619048,38.095238095238095
Kings Indian Defense Normal Variation 4.Nf3 O O 5.Bf4 d6 6.e3,21,55.23809523809524,28.57142857142857
Sicilian Defense Hyperaccelerated Dragon Variation 3.c4 Nc6,21,502.3809523809524,23.809523809523807
Ruy Lopez Opening Birds Defense 4.Nxd4 exd4,21,501.04761904761904,38.095238095238095
French Defense Knight Variation Wing Gambit 4...cxb4 5.d4 Nc6,21,49.80952380952381,52.38095238095239
Slav Defense 3.e3 Bf5 4.cxd5 cxd5,21,73.76190476190476,23.809523809523807
Sicilian Defense Hyperaccelerated Dragon Fianchetto Variation...4.Qxd4 Nf6 5.e5 Nc6,20,57.4,50.0
Kings Gambit Declined Classical Svenonius Variation,20,39.85,45.0
Caro Kann Defense Panov Attack...5.Nc3 e6 6.Nf3 Be7 7.Bg5,20,1089.75,30.0
Modern Defense with 1 e4 2.d4 Bg7 3.Be3 c6,20,47.95,50.0
Alapin Sicilian Defense...7.Bc4 e6 8.O O Be7,20,56.3,35.0
Italian Game Two Knights Defense 4.O O,20,66.4,40.0
Closed Sicilian Defense Grand Prix Attack...5.Bc4 e6 6.O O Nge7 7.d3,20,39.6,30.0
Scotch Game Classical Variation 5.Be3 Qf6 6.c3 Nge7 7.Bc4,20,31.35,50.0
Indian Game East Indian London System...4.e3 O O 5.c3 d6,20,50.8,20.0
Sicilian Defense French Variation 3.Nc3 d5 4.exd5 exd5,20,46.5,45.0
English Opening 1...b6 2.e4 Bb7,20,114.05,40.0
English Opening Anglo Indian Queens Knight Variation...3.g3 Bg7 4.Bg2 O O 5.d4,20,43.85,20.0
Nimzowitsch Defense Declined 2...d5 3.exd5,20,206.9,35.0
Sicilian Defense OKelly Maroczy Bind Paulsen Line 4.Nc3 Nc6 5.d4 cxd4 6.Nxd4,20,54.8,40.0
Caro Kann Defense 2.Nf3 d5 3.d3,20,30.6,50.0
Caro Kann Defense Accelerated Panov Modern Variation,20,139.75,45.0
Caro Kann Defense Accelerated Panov Attack 2...d5 3.exd5 cxd5,20,71.6,45.0
Slav Defense 3.e3 e6,20,142.85,40.0
Queens Pawn Opening Horwitz Defense 2.Bf4 c5,20,524.9,15.0
Queens Pawn Opening 1...c6 2.c4,20,1453.6,30.0
French Defense Exchange Variation 3...exd5 4.Bd3 Nf6 5.Nf3,20,86.7,45.0
Sicilian Defense Taimanov Bastrikov Variation...7.f4 b5 8.Bd3 Bb7,19,554.6315789473684,26.31578947368421
Modern Defense Standard Line 3...c6 4.f4 Qb6 5.Nf3,19,529.2631578947369,36.84210526315789
Alapin Sicilian Defense 2...e6 3.Nf3 Nf6,19,113.73684210526316,47.368421052631575
Giuoco Piano Game 4.O O Nf6 5.d3 O O 6.h3,19,53.0,31.57894736842105
Modern Defense 3.e4,19,89.21052631578948,36.84210526315789
Sicilian Defense Old Sicilian Variation 3.b3 e5 4.Bb2,19,558.1052631578947,52.63157894736842
Reti Opening Sicilian Invitation...4.O O Bg7 5.e4 Nf6,19,41.73684210526316,42.10526315789473
Scotch Game Goring Gambit 4...d3 5.Bxd3 d6,19,15.052631578947368,63.1578947368421
English Opening Caro Kann Defensive System...3.e3 Nf6 4.Nc3 Nbd7 5.d4,19,101.05263157894737,36.84210526315789
Caro Kann Defense Exchange Variation,19,581.0,36.84210526315789
Sicilian Defense French Deferred Wing Gambit 3...cxb4 4.d4,19,83.10526315789474,31.57894736842105
Modern Defense with 1 d4 2.Nf3 Bg7 3.Bf4 d6,19,15.842105263157896,42.10526315789473
Indian Game East Indian London System 3...Bg7 4.Nc3,19,1117.1052631578948,26.31578947368421
Pirc Defense Main Line 4.Be3 Bg7 5.f3 O O 6.Qd2,19,562.3157894736842,26.31578947368421
Ruy Lopez Opening Morphy Defense Columbus Variation 4...Nf6 5.O O,19,59.473684210526315,36.84210526315789
Sicilian Defense Hyperaccelerated Dragon Variation 3.Bc4 Bg7 4.O O Nc6 5.c3,19,64.15789473684211,42.10526315789473
Caro Kann Defense Accelerated Panov Attack...4.cxd5 Qxd5 5.Nc3 Qa5,19,36.31578947368421,68.42105263157895
Reti Opening...2.e3 Nf6 3.b3 Bf5 4.Bb2,19,26.36842105263158,52.63157894736842
Sicilian Defense Kan Knight Variation...6.f4 b5 7.Bd3 Bb7,19,26.57894736842105,52.63157894736842
Pirc Defense...4.f4 Bg7 5.Nf3 O O,19,115.6842105263158,31.57894736842105
Reti Opening Slav Invitation,19,81.10526315789474,31.57894736842105
Scotch Game Steinitz Variation 5.Nc3,19,717.2105263157895,10.526315789473683
Pirc Defense Antal Defense,18,16.88888888888889,44.44444444444444
English Opening Symmetrical Variation 2.g3 Nc6 3.Bg2 e5,18,119.38888888888889,33.33333333333333
Pirc Defense Main Line Austrian Attack 4...Bg7 5.Nf3 O O,18,53.166666666666664,61.111111111111114
Ruy Lopez Opening Classical Defense 4.O O Qf6 5.c3,18,576.0555555555555,33.33333333333333
French Defense Advance Paulsen Attack 5...Qb6,18,64.44444444444444,61.111111111111114
Reti Opening Dutch Lisitsyn Rydel Bloodgood Gambit,18,1250.0,61.111111111111114
French Defense Normal Variation 2...b6 3.Nc3,18,639.8333333333334,11.11111111111111
Queens Pawn Opening Krause Variation 3.c4 cxd4,18,90.27777777777777,44.44444444444444
Queens Gambit Accepted Central Variation Alekhine System 4.Nc3,18,114.16666666666667,55.55555555555556
Benoni Defense Modern Classical Variation 7...Bg7 8.Bd3,18,61.388888888888886,27.77777777777778
Kings Indian Defense Four Pawns Attack 5...O O,18,57.333333333333336,27.77777777777778
Italian Game Knight Attack Polerio Bishop Check Line...7.dxc6 bxc6 8.Bd3 Nd5,18,571.4444444444445,50.0
Scotch Game Classical Variation 5.Nxc6 bxc6,18,19.833333333333332,55.55555555555556
Scandinavian Defense Modern Variation 3.d4 Qxd5,18,580.6111111111111,33.33333333333333
Alapin Sicilian Defense...3.Nf3 d5 4.exd5 exd5 5.d4,18,118.0,44.44444444444444
Polish Opening 1...a5,18,62.05555555555556,44.44444444444444
Nimzowitsch Defense Declined 2...Nf6 3.e5,18,282.8888888888889,38.88888888888889
Queens Pawn Opening Zukertort Variation 2...Bf5 3.Bf4 e6 4.e3,18,69.11111111111111,38.88888888888889
Modern Defense Geller System 4...Nf6 5.Nbd2 O O 6.Be2,18,19.555555555555557,44.44444444444444
Giuoco Piano Game Evans Gambit Declined 5.a4,18,39.111111111111114,55.55555555555556
Caro Kann Defense Accelerated Panov Attack...4.cxd5 Qxd5 5.Nc3 Qd8 6.d4,18,34.77777777777778,50.0
Kings Indian Defense Semi Classical Hollywood Variation,18,83.27777777777777,22.22222222222222
Four Knights Game Spanish Variation...5.d4 exd4 6.Nxd4 Bd7,18,43.22222222222222,50.0
Bishops Opening Berlin Defense 3.d3 Bc5 4.Nf3 d6,17,65.05882352941177,64.70588235294117
Modern Defense Fianchetto Gambit,17,41.470588235294116,41.17647058823529
Sicilian Defense OKelly Yerevan System 3...Nc6 4.d4 cxd4 5.Nxd4,17,61.8235294117647,35.294117647058826
Modern Defense with 1 e4 2.d4 d6 3.f4,17,89.11764705882354,23.52941176470588
Queens Pawn Opening Krause Variation 3.e3 Nc6,17,152.41176470588235,47.05882352941176
Benoni Defense Czech Variation 4.Nc3 d6 5.e4,17,598.7647058823529,23.52941176470588
Queens Pawn Opening 1...d6,17,628.5882352941177,23.52941176470588
Queens Pawn Opening Zukertort Variation 2...c6 3.Bg5 h6 4.Bh4,17,128.52941176470588,35.294117647058826
Italian Game Two Knights Defense 4.O O Nxe4,17,13.235294117647058,76.47058823529412
Caro Kann Defense Karpov Variation 5.Nf3 Ngf6 6.Bd3,17,724.5294117647059,41.17647058823529
Sicilian Defense Chekhover Variation 4...Nf6 5.Nc3 Nc6,17,666.4705882352941,35.294117647058826
Kings Pawn Opening Kings Knight Elephant Gambit 3.Nxe5 Bd6 4.d4 dxe4,17,724.8823529411765,41.17647058823529
Queens Pawn Opening Chigorin Variation 2...Nf6,17,31.705882352941178,64.70588235294117
Kings Gambit Declined Falkbeer Accepted Nimzowitsch Marshall Countergambit 4.dxc6,17,1720.1176470588234,29.411764705882355
English Opening Two Knights Variation 3.Nf3,16,69.5,43.75
Scotch Game Scotch Gambit Dubois Reti Advance Variation 5...Ne4 6.O O,16,661.4375,37.5
Lion Defense Anti Philidor Lions Cave Variation 5.Nf3 exd4 6.Qxd4,16,87.1875,37.5
Sicilian Defense Open Accelerated Dragon Maroczy Bind Formation 5...Bg7 6.Be3,16,63.8125,50.0
Sicilian Defense Kramnik Variation 3...Nc6,16,117.3125,25.0
French Defense Advance Variation 3...c5 4.c3 Bd7 5.Nf3,16,80.625,25.0
Indian Game Black Knights Tango 3.Nf3 e6 4.g3 d5 5.Bg2,16,650.3125,25.0
French Defense Knight Variation Two Knights Variation...6.dxc5 Bxc5 7.Bd3 Nc6,16,22.75,68.75
London System 3...c6 4.e3 Bg4,16,86.5625,25.0
Giuoco Piano Game Evans Gambit Declined 5.b5,16,111.8125,37.5
Indian Game East Indian London System 3...Bg7 4.h3 O O 5.e3,16,51.625,12.5
Indian Game East Indian London System 3...Bg7 4.e3 O O 5.Nbd2,16,15.9375,68.75
Sicilian Defense French Variation 3.Nc3,16,657.25,31.25
Kings Indian Defense 3.Nf3 Bg7,16,29.25,50.0
Scandinavian Defense Mieses Kotrc Gubinsky Melts Bronstein Variation 6.Bc4,15,22.333333333333332,46.666666666666664
Ruy Lopez Opening Morphy Defense Deferred Steinitz Defense,15,44.333333333333336,46.666666666666664
Caro Kann Defense Exchange Variation...4.Bf4 Nc6 5.c3 Nf6,15,64.26666666666667,33.33333333333333
Ruy Lopez Opening Morphy Defense Neo Arkhangelsk Variation,15,685.2666666666667,26.666666666666668
English Opening Kings English Variation 2.g3 Nf6 3.Bg2 Nc6,15,69.4,46.666666666666664
Queens Gambit Declined Chigorin Janowski Variation...6.Be3 e6 7.Bxc4 Bb4,15,47.53333333333333,46.666666666666664
Scotch Game Classical Intermezzo Variation 6.Qd2 Qxc6,15,90.2,40.0
Scotch Game Dubois Reti Max Lange Attack...7.exf6 dxc4 8.fxg7 Rg8,15,29.066666666666666,46.666666666666664
Modern Defense Standard Line 3...d6 4.Bg5 Nd7,15,17.2,13.333333333333334
Pirc Defense Czech Defense 4.f4 Qa5,15,20.8,66.66666666666666
Ruy Lopez Opening Old Steinitz Defense 4.d4 exd4,15,98.46666666666667,53.333333333333336
Sicilian Defense Hyperaccelerated Dragon Fianchetto Variation...6.Qa4 Nd5 7.Qe4 Nb6,15,32.333333333333336,53.333333333333336
Queens Pawn Opening Torre Attack 3...e6,15,710.2,33.33333333333333
Vienna Game Max Lange Steinitz Main Line Paulsen Defense,15,20.933333333333334,40.0
Caro Kann Defense 2.Nf3 d5 3.exd5,15,119.26666666666667,20.0
Modern Defense Geller System,15,33.0,46.666666666666664
Slav Defense Exchange Variation 3...cxd5 4.Bf4 Nf6 5.e3,15,23.666666666666668,40.0
Italian Game Knight Attack Polerio Bishop Check Line...8.Bd3 h6 9.Ne4 Nd5,14,103.78571428571429,50.0
Petrovs Defense Classical French Attack 5...Nf6,14,15.214285714285714,57.14285714285714
Modern Defense with 1 e4 2.d4 Bg7 3.Nf3 c6 4.Bd3,14,17.285714285714285,42.857142857142854
Petrovs Defense Steinitz Attack Symmetrical Variation 4.dxe5 d5,14,688.7857142857143,71.42857142857143
Kings Gambit Declined Classical Variation 3.Nf3 d6 4.Bc4 Nf6,14,146.5,28.57142857142857
Pirc Defense Maroczy Defense 3.dxe5 dxe5,14,99.57142857142857,42.857142857142854
Sicilian Defense OKelly Maroczy Bind Paulsen Line 4.d4,14,53.642857142857146,21.428571428571427
Sicilian Defense Westerinen Attack 3...Nc6,14,931.2857142857143,7.142857142857142
Sicilian Defense Taimanov Variation 5.Nc3,14,878.2857142857143,35.714285714285715
Kings Gambit Declined Classical Variation 3.Nf3 d6 4.Nc3,14,74.28571428571429,21.428571428571427
English Opening Kings English Variation 2.g3 Nc6 3.Bg2 Bc5 4.Nc3,14,36.5,42.857142857142854
Indian Game 2.Bf4 g6 3.Nc3 Bg7 4.e4,14,761.3571428571429,28.57142857142857
Queens Pawn Opening Accelerated London System 2...Nf6,13,60.15384615384615,30.76923076923077
Sicilian Defense Wing Marshall Carlsbad Variation,13,9.615384615384615,69.23076923076923
Ruy Lopez Opening Birds Defense 4.Bc4,13,182.6153846153846,38.46153846153847
Indian Game,13,11.923076923076923,53.84615384615385
Sicilian Defense Marshall Counterattack,13,63.38461538461539,38.46153846153847
Slav Defense Exchange Variation 3...cxd5 4.Nc3 Nf6,13,137.92307692307693,38.46153846153847
Sicilian Defense Open...4.Nxd4 d6 5.Nc3 e5 6.Nf3,13,1470.2307692307693,38.46153846153847
Reti Opening Sicilian Invitation 2.c3,13,44.69230769230769,38.46153846153847
Closed Sicilian Defense Grand Prix Attack 3...g6 4.Bc4 Bg7 5.Nf3,13,41.84615384615385,46.15384615384615
Scandinavian Defense Modern Variation,13,74.92307692307692,38.46153846153847
Modern Defense Standard Line 3...d6 4.Nge2,13,90.61538461538461,15.384615384615385
Indian Game...3.Nc3 Bg7 4.e4 d6 5.Qd2,13,48.07692307692308,15.384615384615385
Alekhines Defense Two Pawns Attack 3...Nb6,13,60.23076923076923,38.46153846153847
Sicilian Defense Smith Morra Gambit Accepted,13,842.6923076923077,30.76923076923077
Caro Kann Defense 2.Nc3 d5 3.d3,13,69.53846153846153,23.076923076923077
Giuoco Piano Game Center Attack...9.Bxf7 Kxf7 10.Qb3 d5 11.Ne5,12,29.25,58.333333333333336
Ruy Lopez Opening,12,39.833333333333336,66.66666666666666
Pirc Defense Modern Defense Geller System 2...Nf6 3.Nc3 e5 4.Bc4,12,55.75,50.0
Modern Defense Standard Line 3...d6 4.h4,12,69.91666666666667,50.0
Alapin Sicilian Defense 2...e6 3.Nf3 Nc6 4.d4,12,43.083333333333336,41.66666666666667
Kings Indian Attack 2...Nc6 3.d4 Nf6,12,44.5,50.0
Scotch Game Goring Double Pawn Sacrifice Variation 5...d6,12,277.9166666666667,33.33333333333333
English Opening Four Knights Nimzowitsch Variation 4...d6,12,71.66666666666667,33.33333333333333
Scotch Game Scotch Gambit Dubois Reti Advance Kingside Variation 6.O O d6,12,34.166666666666664,58.333333333333336
Nimzowitsch Larsen Attack 1...g6,12,9.5,50.0
Kings Pawn Opening St George Defense...3.Nf3 Bb7 4.Bd3 Nf6,12,28.833333333333332,58.333333333333336
Nimzowitsch Larsen Attack Modern Variation 2.Bb2 Nc6 3.Nf3 e4 4.Nd4,12,77.33333333333333,58.333333333333336
Italian Game Knight Attack Polerio Bishop Check Line...7.dxc6 bxc6 8.Bd3 h6,11,41.72727272727273,63.63636363636363
Old Benoni Defense Benoni Indian Defense 3.Nc3,11,86.81818181818181,36.36363636363637
Ruy Lopez Opening Birds Defense 4.Nxd4 exd4 5.O O c6,11,29.181818181818183,45.45454545454545
Sicilian Defense Anti Qxd4 Move Order 4.dxc5 Qa5,11,970.9090909090909,63.63636363636363
Sicilian Defense Smith Morra Gambit 2...cxd4 3.Qxd4,11,21.90909090909091,36.36363636363637
Alapin Sicilian Defense 2...e6 3.Nf3 Nc6,11,939.5454545454545,27.27272727272727
Scotch Game Classical Variation 5.Be3 Qf6 6.c3 Nge7 7.g3,10,6.1,60.0
Modern Defense Standard Line...4.Be3 a6 5.Qd2 Nd7,10,16.6,40.0
Four Knights Game Scotch Variation Accepted 5.Nxd4 Bc5 6.Be3,10,164.3,20.0
Italian Game Two Knights Modern Bishops Opening 4...Be7 5.Nc3 O O,10,39.8,20.0
Three Knights Opening 3...d6,10,30.0,40.0
Giuoco Piano Game Main Line Albin Gambit 5...d6 6.d4 exd4 7.cxd4,9,36.22222222222222,55.55555555555556
Scandinavian Defense Mieses Kotrc Variation 3.Nf3 Bg4,9,16.444444444444443,55.55555555555556
English Opening Kings English Variation 2.g3 Nf6 3.Bg2 Bc5,9,51.55555555555556,33.33333333333333
Scandinavian Defense 2.exd5 e5 3.dxe6,9,257.44444444444446,33.33333333333333
Queens Gambit Declined Chigorin Defense 3.Nf3 e6,9,111.77777777777777,44.44444444444444
Scotch Game Scotch Gambit Dubois Reti Advance Variation 5...d5 6.Bb5 Ne4,9,109.33333333333333,66.66666666666666
Alekhines Defense Balogh Variation 4...Nb6,8,74.0,50.0
Italian Game Traxler Knight Sacrifice Line 5...Bxf2 6.Kxf2 Nxe4,8,73.125,62.5
Sicilian Defense Anti Qxd4 Move Order 4.Nc3 cxd4 5.Qxd4,8,83.0,37.5
Modern Defense Standard Lizard Defense Mittenberger Gambit 4.exd5 Nf6,8,63.75,50.0
Center Game Accepted Paulsen Attack 4...g6,8,1283.75,50.0
Grob Opening Grob Gambit with 2 Bg2...d5 3.d4,8,30.0,37.5
Nimzowitsch Defense Kennedy Variation,8,88.125,12.5
Caro Kann Defense Karpov Variation 5.Bc4 Ngf6,8,104.875,50.0
Slav Defense Slav Gambit Alekhine Attack,7,116.0,28.57142857142857
Vienna Game Anderssen Defense 3.f4,7,29.571428571428573,28.57142857142857
Scotch Game Schmidt Mieses Variation 6...Qe7,6,6.333333333333333,66.66666666666666
Dutch Defense 2.Bf4 Nf6 3.e3,5,1.4,60.0
Sicilian Defense Smith Morra Gambit Declined Alapin Formation,5,27.8,40.0
French Defense Knight Variation 2...d5 3.e5,4,15.0,25.0
Scandinavian Defense 2.exd5 e5,4,56.5,50.0
French Defense Rubinstein Maric Variation 5.Nc3,4,210.5,25.0
English Opening Symmetrical Variation 2.Nc3 Nf6 3.e4,3,13.333333333333334,33.33333333333333
French Defense Normal Variation 2...d5 3.Nc3,3,0.3333333333333333,66.66666666666666
Queens Pawn Opening Horwitz Defense,1,16.0,0.0
